--
-- PostgreSQL database dump
--

-- Dumped from database version 14.15 (Homebrew)
-- Dumped by pg_dump version 14.15 (Homebrew)

SET statement_timeout = 0;
SET lock_timeout = 0;
SET idle_in_transaction_session_timeout = 0;
SET client_encoding = 'UTF8';
SET standard_conforming_strings = on;
SELECT pg_catalog.set_config('search_path', '', false);
SET check_function_bodies = false;
SET xmloption = content;
SET client_min_messages = warning;
SET row_security = off;

SET default_tablespace = '';

SET default_table_access_method = heap;

--
-- Name: auth_group; Type: TABLE; Schema: public; Owner: postgres
--

CREATE TABLE public.auth_group (
    id integer NOT NULL,
    name character varying(150) NOT NULL
);


ALTER TABLE public.auth_group OWNER TO postgres;

--
-- Name: auth_group_id_seq; Type: SEQUENCE; Schema: public; Owner: postgres
--

ALTER TABLE public.auth_group ALTER COLUMN id ADD GENERATED BY DEFAULT AS IDENTITY (
    SEQUENCE NAME public.auth_group_id_seq
    START WITH 1
    INCREMENT BY 1
    NO MINVALUE
    NO MAXVALUE
    CACHE 1
);


--
-- Name: auth_group_permissions; Type: TABLE; Schema: public; Owner: postgres
--

CREATE TABLE public.auth_group_permissions (
    id bigint NOT NULL,
    group_id integer NOT NULL,
    permission_id integer NOT NULL
);


ALTER TABLE public.auth_group_permissions OWNER TO postgres;

--
-- Name: auth_group_permissions_id_seq; Type: SEQUENCE; Schema: public; Owner: postgres
--

ALTER TABLE public.auth_group_permissions ALTER COLUMN id ADD GENERATED BY DEFAULT AS IDENTITY (
    SEQUENCE NAME public.auth_group_permissions_id_seq
    START WITH 1
    INCREMENT BY 1
    NO MINVALUE
    NO MAXVALUE
    CACHE 1
);


--
-- Name: auth_permission; Type: TABLE; Schema: public; Owner: postgres
--

CREATE TABLE public.auth_permission (
    id integer NOT NULL,
    name character varying(255) NOT NULL,
    content_type_id integer NOT NULL,
    codename character varying(100) NOT NULL
);


ALTER TABLE public.auth_permission OWNER TO postgres;

--
-- Name: auth_permission_id_seq; Type: SEQUENCE; Schema: public; Owner: postgres
--

ALTER TABLE public.auth_permission ALTER COLUMN id ADD GENERATED BY DEFAULT AS IDENTITY (
    SEQUENCE NAME public.auth_permission_id_seq
    START WITH 1
    INCREMENT BY 1
    NO MINVALUE
    NO MAXVALUE
    CACHE 1
);


--
-- Name: bookmarks_bookmark; Type: TABLE; Schema: public; Owner: postgres
--

CREATE TABLE public.bookmarks_bookmark (
    id bigint NOT NULL,
    expert_id bigint,
    podcast_id bigint,
    user_id bigint NOT NULL
);


ALTER TABLE public.bookmarks_bookmark OWNER TO postgres;

--
-- Name: bookmarks_bookmark_id_seq; Type: SEQUENCE; Schema: public; Owner: postgres
--

ALTER TABLE public.bookmarks_bookmark ALTER COLUMN id ADD GENERATED BY DEFAULT AS IDENTITY (
    SEQUENCE NAME public.bookmarks_bookmark_id_seq
    START WITH 1
    INCREMENT BY 1
    NO MINVALUE
    NO MAXVALUE
    CACHE 1
);


--
-- Name: collaborations_collaborationrequest; Type: TABLE; Schema: public; Owner: postgres
--

CREATE TABLE public.collaborations_collaborationrequest (
    id bigint NOT NULL,
    message text NOT NULL,
    status character varying(20) NOT NULL,
    created_at timestamp with time zone NOT NULL,
    podcast_id bigint NOT NULL,
    receiver_id bigint NOT NULL,
    sender_id bigint NOT NULL
);


ALTER TABLE public.collaborations_collaborationrequest OWNER TO postgres;

--
-- Name: collaborations_collaborationrequest_id_seq; Type: SEQUENCE; Schema: public; Owner: postgres
--

ALTER TABLE public.collaborations_collaborationrequest ALTER COLUMN id ADD GENERATED BY DEFAULT AS IDENTITY (
    SEQUENCE NAME public.collaborations_collaborationrequest_id_seq
    START WITH 1
    INCREMENT BY 1
    NO MINVALUE
    NO MAXVALUE
    CACHE 1
);


--
-- Name: comments_comment; Type: TABLE; Schema: public; Owner: postgres
--

CREATE TABLE public.comments_comment (
    id bigint NOT NULL,
    text text NOT NULL,
    created_at timestamp with time zone NOT NULL,
    expert_id bigint,
    podcast_id bigint,
    user_id bigint NOT NULL
);


ALTER TABLE public.comments_comment OWNER TO postgres;

--
-- Name: comments_comment_id_seq; Type: SEQUENCE; Schema: public; Owner: postgres
--

ALTER TABLE public.comments_comment ALTER COLUMN id ADD GENERATED BY DEFAULT AS IDENTITY (
    SEQUENCE NAME public.comments_comment_id_seq
    START WITH 1
    INCREMENT BY 1
    NO MINVALUE
    NO MAXVALUE
    CACHE 1
);


--
-- Name: django_admin_log; Type: TABLE; Schema: public; Owner: postgres
--

CREATE TABLE public.django_admin_log (
    id integer NOT NULL,
    action_time timestamp with time zone NOT NULL,
    object_id text,
    object_repr character varying(200) NOT NULL,
    action_flag smallint NOT NULL,
    change_message text NOT NULL,
    content_type_id integer,
    user_id bigint NOT NULL,
    CONSTRAINT django_admin_log_action_flag_check CHECK ((action_flag >= 0))
);


ALTER TABLE public.django_admin_log OWNER TO postgres;

--
-- Name: django_admin_log_id_seq; Type: SEQUENCE; Schema: public; Owner: postgres
--

ALTER TABLE public.django_admin_log ALTER COLUMN id ADD GENERATED BY DEFAULT AS IDENTITY (
    SEQUENCE NAME public.django_admin_log_id_seq
    START WITH 1
    INCREMENT BY 1
    NO MINVALUE
    NO MAXVALUE
    CACHE 1
);


--
-- Name: django_content_type; Type: TABLE; Schema: public; Owner: postgres
--

CREATE TABLE public.django_content_type (
    id integer NOT NULL,
    app_label character varying(100) NOT NULL,
    model character varying(100) NOT NULL
);


ALTER TABLE public.django_content_type OWNER TO postgres;

--
-- Name: django_content_type_id_seq; Type: SEQUENCE; Schema: public; Owner: postgres
--

ALTER TABLE public.django_content_type ALTER COLUMN id ADD GENERATED BY DEFAULT AS IDENTITY (
    SEQUENCE NAME public.django_content_type_id_seq
    START WITH 1
    INCREMENT BY 1
    NO MINVALUE
    NO MAXVALUE
    CACHE 1
);


--
-- Name: django_migrations; Type: TABLE; Schema: public; Owner: postgres
--

CREATE TABLE public.django_migrations (
    id bigint NOT NULL,
    app character varying(255) NOT NULL,
    name character varying(255) NOT NULL,
    applied timestamp with time zone NOT NULL
);


ALTER TABLE public.django_migrations OWNER TO postgres;

--
-- Name: django_migrations_id_seq; Type: SEQUENCE; Schema: public; Owner: postgres
--

ALTER TABLE public.django_migrations ALTER COLUMN id ADD GENERATED BY DEFAULT AS IDENTITY (
    SEQUENCE NAME public.django_migrations_id_seq
    START WITH 1
    INCREMENT BY 1
    NO MINVALUE
    NO MAXVALUE
    CACHE 1
);


--
-- Name: django_session; Type: TABLE; Schema: public; Owner: postgres
--

CREATE TABLE public.django_session (
    session_key character varying(40) NOT NULL,
    session_data text NOT NULL,
    expire_date timestamp with time zone NOT NULL
);


ALTER TABLE public.django_session OWNER TO postgres;

--
-- Name: experts_expertprofile; Type: TABLE; Schema: public; Owner: postgres
--

CREATE TABLE public.experts_expertprofile (
    id bigint NOT NULL,
    specialty character varying(255) NOT NULL,
    bio text NOT NULL,
    participation_method character varying(255) NOT NULL,
    sample_works text,
    contact_methods text NOT NULL,
    is_approved boolean NOT NULL,
    user_id bigint NOT NULL
);


ALTER TABLE public.experts_expertprofile OWNER TO postgres;

--
-- Name: experts_expertprofile_id_seq; Type: SEQUENCE; Schema: public; Owner: postgres
--

ALTER TABLE public.experts_expertprofile ALTER COLUMN id ADD GENERATED BY DEFAULT AS IDENTITY (
    SEQUENCE NAME public.experts_expertprofile_id_seq
    START WITH 1
    INCREMENT BY 1
    NO MINVALUE
    NO MAXVALUE
    CACHE 1
);


--
-- Name: experts_favoriteexperts; Type: TABLE; Schema: public; Owner: postgres
--

CREATE TABLE public.experts_favoriteexperts (
    id bigint NOT NULL,
    expert_id bigint NOT NULL,
    user_id bigint NOT NULL
);


ALTER TABLE public.experts_favoriteexperts OWNER TO postgres;

--
-- Name: experts_favoriteexperts_id_seq; Type: SEQUENCE; Schema: public; Owner: postgres
--

ALTER TABLE public.experts_favoriteexperts ALTER COLUMN id ADD GENERATED BY DEFAULT AS IDENTITY (
    SEQUENCE NAME public.experts_favoriteexperts_id_seq
    START WITH 1
    INCREMENT BY 1
    NO MINVALUE
    NO MAXVALUE
    CACHE 1
);


--
-- Name: podcasts_expertprofile; Type: TABLE; Schema: public; Owner: postgres
--

CREATE TABLE public.podcasts_expertprofile (
    id bigint NOT NULL,
    specialty character varying(255) NOT NULL,
    website character varying(200),
    availability character varying(50) NOT NULL,
    created_at timestamp with time zone NOT NULL,
    user_id bigint NOT NULL
);


ALTER TABLE public.podcasts_expertprofile OWNER TO postgres;

--
-- Name: podcasts_expertprofile_id_seq; Type: SEQUENCE; Schema: public; Owner: postgres
--

ALTER TABLE public.podcasts_expertprofile ALTER COLUMN id ADD GENERATED BY DEFAULT AS IDENTITY (
    SEQUENCE NAME public.podcasts_expertprofile_id_seq
    START WITH 1
    INCREMENT BY 1
    NO MINVALUE
    NO MAXVALUE
    CACHE 1
);


--
-- Name: podcasts_podcast; Type: TABLE; Schema: public; Owner: postgres
--

CREATE TABLE public.podcasts_podcast (
    id bigint NOT NULL,
    title character varying(255) NOT NULL,
    description text NOT NULL,
    podcast_link character varying(200) NOT NULL,
    host_id bigint NOT NULL
);


ALTER TABLE public.podcasts_podcast OWNER TO postgres;

--
-- Name: podcasts_podcast_id_seq; Type: SEQUENCE; Schema: public; Owner: postgres
--

ALTER TABLE public.podcasts_podcast ALTER COLUMN id ADD GENERATED BY DEFAULT AS IDENTITY (
    SEQUENCE NAME public.podcasts_podcast_id_seq
    START WITH 1
    INCREMENT BY 1
    NO MINVALUE
    NO MAXVALUE
    CACHE 1
);


--
-- Name: ratings_rating; Type: TABLE; Schema: public; Owner: postgres
--

CREATE TABLE public.ratings_rating (
    id bigint NOT NULL,
    score integer NOT NULL,
    created_at timestamp with time zone NOT NULL,
    expert_id bigint,
    podcast_id bigint,
    user_id bigint NOT NULL
);


ALTER TABLE public.ratings_rating OWNER TO postgres;

--
-- Name: ratings_rating_id_seq; Type: SEQUENCE; Schema: public; Owner: postgres
--

ALTER TABLE public.ratings_rating ALTER COLUMN id ADD GENERATED BY DEFAULT AS IDENTITY (
    SEQUENCE NAME public.ratings_rating_id_seq
    START WITH 1
    INCREMENT BY 1
    NO MINVALUE
    NO MAXVALUE
    CACHE 1
);


--
-- Name: user_messages_message; Type: TABLE; Schema: public; Owner: postgres
--

CREATE TABLE public.user_messages_message (
    id bigint NOT NULL,
    content text NOT NULL,
    "timestamp" timestamp with time zone NOT NULL,
    receiver_id bigint NOT NULL,
    sender_id bigint NOT NULL
);


ALTER TABLE public.user_messages_message OWNER TO postgres;

--
-- Name: user_messages_message_id_seq; Type: SEQUENCE; Schema: public; Owner: postgres
--

ALTER TABLE public.user_messages_message ALTER COLUMN id ADD GENERATED BY DEFAULT AS IDENTITY (
    SEQUENCE NAME public.user_messages_message_id_seq
    START WITH 1
    INCREMENT BY 1
    NO MINVALUE
    NO MAXVALUE
    CACHE 1
);


--
-- Name: users_customuser; Type: TABLE; Schema: public; Owner: postgres
--

CREATE TABLE public.users_customuser (
    id bigint NOT NULL,
    password character varying(128) NOT NULL,
    last_login timestamp with time zone,
    is_superuser boolean NOT NULL,
    username character varying(150) NOT NULL,
    first_name character varying(150) NOT NULL,
    last_name character varying(150) NOT NULL,
    email character varying(254) NOT NULL,
    is_staff boolean NOT NULL,
    is_active boolean NOT NULL,
    date_joined timestamp with time zone NOT NULL
);


ALTER TABLE public.users_customuser OWNER TO postgres;

--
-- Name: users_customuser_groups; Type: TABLE; Schema: public; Owner: postgres
--

CREATE TABLE public.users_customuser_groups (
    id bigint NOT NULL,
    customuser_id bigint NOT NULL,
    group_id integer NOT NULL
);


ALTER TABLE public.users_customuser_groups OWNER TO postgres;

--
-- Name: users_customuser_groups_id_seq; Type: SEQUENCE; Schema: public; Owner: postgres
--

ALTER TABLE public.users_customuser_groups ALTER COLUMN id ADD GENERATED BY DEFAULT AS IDENTITY (
    SEQUENCE NAME public.users_customuser_groups_id_seq
    START WITH 1
    INCREMENT BY 1
    NO MINVALUE
    NO MAXVALUE
    CACHE 1
);


--
-- Name: users_customuser_id_seq; Type: SEQUENCE; Schema: public; Owner: postgres
--

ALTER TABLE public.users_customuser ALTER COLUMN id ADD GENERATED BY DEFAULT AS IDENTITY (
    SEQUENCE NAME public.users_customuser_id_seq
    START WITH 1
    INCREMENT BY 1
    NO MINVALUE
    NO MAXVALUE
    CACHE 1
);


--
-- Name: users_customuser_user_permissions; Type: TABLE; Schema: public; Owner: postgres
--

CREATE TABLE public.users_customuser_user_permissions (
    id bigint NOT NULL,
    customuser_id bigint NOT NULL,
    permission_id integer NOT NULL
);


ALTER TABLE public.users_customuser_user_permissions OWNER TO postgres;

--
-- Name: users_customuser_user_permissions_id_seq; Type: SEQUENCE; Schema: public; Owner: postgres
--

ALTER TABLE public.users_customuser_user_permissions ALTER COLUMN id ADD GENERATED BY DEFAULT AS IDENTITY (
    SEQUENCE NAME public.users_customuser_user_permissions_id_seq
    START WITH 1
    INCREMENT BY 1
    NO MINVALUE
    NO MAXVALUE
    CACHE 1
);


--
-- Name: users_userprofile; Type: TABLE; Schema: public; Owner: postgres
--

CREATE TABLE public.users_userprofile (
    id bigint NOT NULL,
    profile_picture character varying(100),
    user_id bigint NOT NULL
);


ALTER TABLE public.users_userprofile OWNER TO postgres;

--
-- Name: users_userprofile_id_seq; Type: SEQUENCE; Schema: public; Owner: postgres
--

ALTER TABLE public.users_userprofile ALTER COLUMN id ADD GENERATED BY DEFAULT AS IDENTITY (
    SEQUENCE NAME public.users_userprofile_id_seq
    START WITH 1
    INCREMENT BY 1
    NO MINVALUE
    NO MAXVALUE
    CACHE 1
);


--
-- Data for Name: auth_group; Type: TABLE DATA; Schema: public; Owner: postgres
--

COPY public.auth_group (id, name) FROM stdin;
\.


--
-- Data for Name: auth_group_permissions; Type: TABLE DATA; Schema: public; Owner: postgres
--

COPY public.auth_group_permissions (id, group_id, permission_id) FROM stdin;
\.


--
-- Data for Name: auth_permission; Type: TABLE DATA; Schema: public; Owner: postgres
--

COPY public.auth_permission (id, name, content_type_id, codename) FROM stdin;
1	Can add log entry	1	add_logentry
2	Can change log entry	1	change_logentry
3	Can delete log entry	1	delete_logentry
4	Can view log entry	1	view_logentry
5	Can add permission	2	add_permission
6	Can change permission	2	change_permission
7	Can delete permission	2	delete_permission
8	Can view permission	2	view_permission
9	Can add group	3	add_group
10	Can change group	3	change_group
11	Can delete group	3	delete_group
12	Can view group	3	view_group
13	Can add content type	4	add_contenttype
14	Can change content type	4	change_contenttype
15	Can delete content type	4	delete_contenttype
16	Can view content type	4	view_contenttype
17	Can add session	5	add_session
18	Can change session	5	change_session
19	Can delete session	5	delete_session
20	Can view session	5	view_session
21	Can add user	6	add_customuser
22	Can change user	6	change_customuser
23	Can delete user	6	delete_customuser
24	Can view user	6	view_customuser
25	Can add expert profile	7	add_expertprofile
26	Can change expert profile	7	change_expertprofile
27	Can delete expert profile	7	delete_expertprofile
28	Can view expert profile	7	view_expertprofile
29	Can add favorite experts	8	add_favoriteexperts
30	Can change favorite experts	8	change_favoriteexperts
31	Can delete favorite experts	8	delete_favoriteexperts
32	Can view favorite experts	8	view_favoriteexperts
33	Can add podcast	9	add_podcast
34	Can change podcast	9	change_podcast
35	Can delete podcast	9	delete_podcast
36	Can view podcast	9	view_podcast
37	Can add user profile	10	add_userprofile
38	Can change user profile	10	change_userprofile
39	Can delete user profile	10	delete_userprofile
40	Can view user profile	10	view_userprofile
41	Can add expert profile	11	add_expertprofile
42	Can change expert profile	11	change_expertprofile
43	Can delete expert profile	11	delete_expertprofile
44	Can view expert profile	11	view_expertprofile
45	Can add collaboration request	12	add_collaborationrequest
46	Can change collaboration request	12	change_collaborationrequest
47	Can delete collaboration request	12	delete_collaborationrequest
48	Can view collaboration request	12	view_collaborationrequest
49	Can add comment	13	add_comment
50	Can change comment	13	change_comment
51	Can delete comment	13	delete_comment
52	Can view comment	13	view_comment
53	Can add rating	14	add_rating
54	Can change rating	14	change_rating
55	Can delete rating	14	delete_rating
56	Can view rating	14	view_rating
57	Can add bookmark	15	add_bookmark
58	Can change bookmark	15	change_bookmark
59	Can delete bookmark	15	delete_bookmark
60	Can view bookmark	15	view_bookmark
61	Can add message	16	add_message
62	Can change message	16	change_message
63	Can delete message	16	delete_message
64	Can view message	16	view_message
\.


--
-- Data for Name: bookmarks_bookmark; Type: TABLE DATA; Schema: public; Owner: postgres
--

COPY public.bookmarks_bookmark (id, expert_id, podcast_id, user_id) FROM stdin;
\.


--
-- Data for Name: collaborations_collaborationrequest; Type: TABLE DATA; Schema: public; Owner: postgres
--

COPY public.collaborations_collaborationrequest (id, message, status, created_at, podcast_id, receiver_id, sender_id) FROM stdin;
\.


--
-- Data for Name: comments_comment; Type: TABLE DATA; Schema: public; Owner: postgres
--

COPY public.comments_comment (id, text, created_at, expert_id, podcast_id, user_id) FROM stdin;
\.


--
-- Data for Name: django_admin_log; Type: TABLE DATA; Schema: public; Owner: postgres
--

COPY public.django_admin_log (id, action_time, object_id, object_repr, action_flag, change_message, content_type_id, user_id) FROM stdin;
\.


--
-- Data for Name: django_content_type; Type: TABLE DATA; Schema: public; Owner: postgres
--

COPY public.django_content_type (id, app_label, model) FROM stdin;
1	admin	logentry
2	auth	permission
3	auth	group
4	contenttypes	contenttype
5	sessions	session
6	users	customuser
7	experts	expertprofile
8	experts	favoriteexperts
9	podcasts	podcast
10	users	userprofile
11	podcasts	expertprofile
12	collaborations	collaborationrequest
13	comments	comment
14	ratings	rating
15	bookmarks	bookmark
16	user_messages	message
\.


--
-- Data for Name: django_migrations; Type: TABLE DATA; Schema: public; Owner: postgres
--

COPY public.django_migrations (id, app, name, applied) FROM stdin;
1	contenttypes	0001_initial	2025-03-08 18:05:45.768342+01
2	contenttypes	0002_remove_content_type_name	2025-03-08 18:05:45.775678+01
3	auth	0001_initial	2025-03-08 18:05:45.799713+01
4	auth	0002_alter_permission_name_max_length	2025-03-08 18:05:45.802074+01
5	auth	0003_alter_user_email_max_length	2025-03-08 18:05:45.803884+01
6	auth	0004_alter_user_username_opts	2025-03-08 18:05:45.805763+01
7	auth	0005_alter_user_last_login_null	2025-03-08 18:05:45.807617+01
8	auth	0006_require_contenttypes_0002	2025-03-08 18:05:45.808104+01
9	auth	0007_alter_validators_add_error_messages	2025-03-08 18:05:45.809792+01
10	auth	0008_alter_user_username_max_length	2025-03-08 18:05:45.811557+01
11	auth	0009_alter_user_last_name_max_length	2025-03-08 18:05:45.813228+01
12	auth	0010_alter_group_name_max_length	2025-03-08 18:05:45.817429+01
13	auth	0011_update_proxy_permissions	2025-03-08 18:05:45.819202+01
14	auth	0012_alter_user_first_name_max_length	2025-03-08 18:05:45.82099+01
15	users	0001_initial	2025-03-08 18:05:45.842629+01
16	admin	0001_initial	2025-03-08 18:05:45.852241+01
17	admin	0002_logentry_remove_auto_add	2025-03-08 18:05:45.854932+01
18	admin	0003_logentry_add_action_flag_choices	2025-03-08 18:05:45.857451+01
19	experts	0001_initial	2025-03-08 18:05:45.863024+01
20	experts	0002_initial	2025-03-08 18:05:45.878112+01
21	podcasts	0001_initial	2025-03-08 18:05:45.881915+01
22	podcasts	0002_initial	2025-03-08 18:05:45.888189+01
23	sessions	0001_initial	2025-03-08 18:05:45.894675+01
24	users	0002_remove_customuser_is_expert_and_more	2025-03-10 02:40:24.972977+01
25	podcasts	0003_expertprofile	2025-03-10 02:40:24.981482+01
26	podcasts	0004_expertprofile_user	2025-03-10 02:40:24.987907+01
27	collaborations	0001_initial	2025-03-10 04:06:53.696251+01
28	collaborations	0002_initial	2025-03-10 04:06:53.706049+01
29	collaborations	0003_initial	2025-03-10 04:06:53.718408+01
30	comments	0001_initial	2025-03-10 04:06:53.72361+01
31	comments	0002_initial	2025-03-10 04:06:53.743411+01
32	ratings	0001_initial	2025-03-10 04:06:53.74639+01
33	ratings	0002_initial	2025-03-10 04:06:53.765663+01
34	bookmarks	0001_initial	2025-03-11 21:19:56.590534+01
35	user_messages	0001_initial	2025-03-11 22:33:11.132698+01
\.


--
-- Data for Name: django_session; Type: TABLE DATA; Schema: public; Owner: postgres
--

COPY public.django_session (session_key, session_data, expire_date) FROM stdin;
de0ecsam5vs8zns57mhstjyq2ap8ikt4	.eJxVjMsOwiAQRf-FtSE8hhZcuvcbyAxMpWogKe3K-O_apAvd3nPOfYmI21ri1nmJcxZnocXpdyNMD647yHestyZTq-syk9wVedAury3z83K4fwcFe_nWmBSRVqM1ROwBXciejcKkkQNOWWmt02iVAz9YsgPARGgBTGLvEIJ4fwDyKDfe:1trSB3:LjP3TW9tLrdRQpgtjGZGUkW5w7oaLQ6Z_YdH0aMyyeM	2025-03-24 02:43:33.832419+01
\.


--
-- Data for Name: experts_expertprofile; Type: TABLE DATA; Schema: public; Owner: postgres
--

COPY public.experts_expertprofile (id, specialty, bio, participation_method, sample_works, contact_methods, is_approved, user_id) FROM stdin;
\.


--
-- Data for Name: experts_favoriteexperts; Type: TABLE DATA; Schema: public; Owner: postgres
--

COPY public.experts_favoriteexperts (id, expert_id, user_id) FROM stdin;
\.


--
-- Data for Name: podcasts_expertprofile; Type: TABLE DATA; Schema: public; Owner: postgres
--

COPY public.podcasts_expertprofile (id, specialty, website, availability, created_at, user_id) FROM stdin;
\.


--
-- Data for Name: podcasts_podcast; Type: TABLE DATA; Schema: public; Owner: postgres
--

COPY public.podcasts_podcast (id, title, description, podcast_link, host_id) FROM stdin;
\.


--
-- Data for Name: ratings_rating; Type: TABLE DATA; Schema: public; Owner: postgres
--

COPY public.ratings_rating (id, score, created_at, expert_id, podcast_id, user_id) FROM stdin;
\.


--
-- Data for Name: user_messages_message; Type: TABLE DATA; Schema: public; Owner: postgres
--

COPY public.user_messages_message (id, content, "timestamp", receiver_id, sender_id) FROM stdin;
\.


--
-- Data for Name: users_customuser; Type: TABLE DATA; Schema: public; Owner: postgres
--

COPY public.users_customuser (id, password, last_login, is_superuser, username, first_name, last_name, email, is_staff, is_active, date_joined) FROM stdin;
1	pbkdf2_sha256$870000$3w47160Y5MEKJ6I2cc34SY$AjnswuQmoBE01QmcXeV6mTP2MKmxQkvkEqU3K3VbvLc=	2025-03-10 02:43:33.830659+01	t	Benny			behzadjavadian49@gmail.com	t	t	2025-03-10 02:42:07.202131+01
\.


--
-- Data for Name: users_customuser_groups; Type: TABLE DATA; Schema: public; Owner: postgres
--

COPY public.users_customuser_groups (id, customuser_id, group_id) FROM stdin;
\.


--
-- Data for Name: users_customuser_user_permissions; Type: TABLE DATA; Schema: public; Owner: postgres
--

COPY public.users_customuser_user_permissions (id, customuser_id, permission_id) FROM stdin;
\.


--
-- Data for Name: users_userprofile; Type: TABLE DATA; Schema: public; Owner: postgres
--

COPY public.users_userprofile (id, profile_picture, user_id) FROM stdin;
\.


--
-- Name: auth_group_id_seq; Type: SEQUENCE SET; Schema: public; Owner: postgres
--

SELECT pg_catalog.setval('public.auth_group_id_seq', 1, false);


--
-- Name: auth_group_permissions_id_seq; Type: SEQUENCE SET; Schema: public; Owner: postgres
--

SELECT pg_catalog.setval('public.auth_group_permissions_id_seq', 1, false);


--
-- Name: auth_permission_id_seq; Type: SEQUENCE SET; Schema: public; Owner: postgres
--

SELECT pg_catalog.setval('public.auth_permission_id_seq', 64, true);


--
-- Name: bookmarks_bookmark_id_seq; Type: SEQUENCE SET; Schema: public; Owner: postgres
--

SELECT pg_catalog.setval('public.bookmarks_bookmark_id_seq', 1, false);


--
-- Name: collaborations_collaborationrequest_id_seq; Type: SEQUENCE SET; Schema: public; Owner: postgres
--

SELECT pg_catalog.setval('public.collaborations_collaborationrequest_id_seq', 1, false);


--
-- Name: comments_comment_id_seq; Type: SEQUENCE SET; Schema: public; Owner: postgres
--

SELECT pg_catalog.setval('public.comments_comment_id_seq', 1, false);


--
-- Name: django_admin_log_id_seq; Type: SEQUENCE SET; Schema: public; Owner: postgres
--

SELECT pg_catalog.setval('public.django_admin_log_id_seq', 1, false);


--
-- Name: django_content_type_id_seq; Type: SEQUENCE SET; Schema: public; Owner: postgres
--

SELECT pg_catalog.setval('public.django_content_type_id_seq', 16, true);


--
-- Name: django_migrations_id_seq; Type: SEQUENCE SET; Schema: public; Owner: postgres
--

SELECT pg_catalog.setval('public.django_migrations_id_seq', 35, true);


--
-- Name: experts_expertprofile_id_seq; Type: SEQUENCE SET; Schema: public; Owner: postgres
--

SELECT pg_catalog.setval('public.experts_expertprofile_id_seq', 1, false);


--
-- Name: experts_favoriteexperts_id_seq; Type: SEQUENCE SET; Schema: public; Owner: postgres
--

SELECT pg_catalog.setval('public.experts_favoriteexperts_id_seq', 1, false);


--
-- Name: podcasts_expertprofile_id_seq; Type: SEQUENCE SET; Schema: public; Owner: postgres
--

SELECT pg_catalog.setval('public.podcasts_expertprofile_id_seq', 1, false);


--
-- Name: podcasts_podcast_id_seq; Type: SEQUENCE SET; Schema: public; Owner: postgres
--

SELECT pg_catalog.setval('public.podcasts_podcast_id_seq', 1, false);


--
-- Name: ratings_rating_id_seq; Type: SEQUENCE SET; Schema: public; Owner: postgres
--

SELECT pg_catalog.setval('public.ratings_rating_id_seq', 1, false);


--
-- Name: user_messages_message_id_seq; Type: SEQUENCE SET; Schema: public; Owner: postgres
--

SELECT pg_catalog.setval('public.user_messages_message_id_seq', 1, false);


--
-- Name: users_customuser_groups_id_seq; Type: SEQUENCE SET; Schema: public; Owner: postgres
--

SELECT pg_catalog.setval('public.users_customuser_groups_id_seq', 1, false);


--
-- Name: users_customuser_id_seq; Type: SEQUENCE SET; Schema: public; Owner: postgres
--

SELECT pg_catalog.setval('public.users_customuser_id_seq', 1, true);


--
-- Name: users_customuser_user_permissions_id_seq; Type: SEQUENCE SET; Schema: public; Owner: postgres
--

SELECT pg_catalog.setval('public.users_customuser_user_permissions_id_seq', 1, false);


--
-- Name: users_userprofile_id_seq; Type: SEQUENCE SET; Schema: public; Owner: postgres
--

SELECT pg_catalog.setval('public.users_userprofile_id_seq', 1, false);


--
-- Name: auth_group auth_group_name_key; Type: CONSTRAINT; Schema: public; Owner: postgres
--

ALTER TABLE ONLY public.auth_group
    ADD CONSTRAINT auth_group_name_key UNIQUE (name);


--
-- Name: auth_group_permissions auth_group_permissions_group_id_permission_id_0cd325b0_uniq; Type: CONSTRAINT; Schema: public; Owner: postgres
--

ALTER TABLE ONLY public.auth_group_permissions
    ADD CONSTRAINT auth_group_permissions_group_id_permission_id_0cd325b0_uniq UNIQUE (group_id, permission_id);


--
-- Name: auth_group_permissions auth_group_permissions_pkey; Type: CONSTRAINT; Schema: public; Owner: postgres
--

ALTER TABLE ONLY public.auth_group_permissions
    ADD CONSTRAINT auth_group_permissions_pkey PRIMARY KEY (id);


--
-- Name: auth_group auth_group_pkey; Type: CONSTRAINT; Schema: public; Owner: postgres
--

ALTER TABLE ONLY public.auth_group
    ADD CONSTRAINT auth_group_pkey PRIMARY KEY (id);


--
-- Name: auth_permission auth_permission_content_type_id_codename_01ab375a_uniq; Type: CONSTRAINT; Schema: public; Owner: postgres
--

ALTER TABLE ONLY public.auth_permission
    ADD CONSTRAINT auth_permission_content_type_id_codename_01ab375a_uniq UNIQUE (content_type_id, codename);


--
-- Name: auth_permission auth_permission_pkey; Type: CONSTRAINT; Schema: public; Owner: postgres
--

ALTER TABLE ONLY public.auth_permission
    ADD CONSTRAINT auth_permission_pkey PRIMARY KEY (id);


--
-- Name: bookmarks_bookmark bookmarks_bookmark_pkey; Type: CONSTRAINT; Schema: public; Owner: postgres
--

ALTER TABLE ONLY public.bookmarks_bookmark
    ADD CONSTRAINT bookmarks_bookmark_pkey PRIMARY KEY (id);


--
-- Name: collaborations_collaborationrequest collaborations_collaborationrequest_pkey; Type: CONSTRAINT; Schema: public; Owner: postgres
--

ALTER TABLE ONLY public.collaborations_collaborationrequest
    ADD CONSTRAINT collaborations_collaborationrequest_pkey PRIMARY KEY (id);


--
-- Name: comments_comment comments_comment_pkey; Type: CONSTRAINT; Schema: public; Owner: postgres
--

ALTER TABLE ONLY public.comments_comment
    ADD CONSTRAINT comments_comment_pkey PRIMARY KEY (id);


--
-- Name: django_admin_log django_admin_log_pkey; Type: CONSTRAINT; Schema: public; Owner: postgres
--

ALTER TABLE ONLY public.django_admin_log
    ADD CONSTRAINT django_admin_log_pkey PRIMARY KEY (id);


--
-- Name: django_content_type django_content_type_app_label_model_76bd3d3b_uniq; Type: CONSTRAINT; Schema: public; Owner: postgres
--

ALTER TABLE ONLY public.django_content_type
    ADD CONSTRAINT django_content_type_app_label_model_76bd3d3b_uniq UNIQUE (app_label, model);


--
-- Name: django_content_type django_content_type_pkey; Type: CONSTRAINT; Schema: public; Owner: postgres
--

ALTER TABLE ONLY public.django_content_type
    ADD CONSTRAINT django_content_type_pkey PRIMARY KEY (id);


--
-- Name: django_migrations django_migrations_pkey; Type: CONSTRAINT; Schema: public; Owner: postgres
--

ALTER TABLE ONLY public.django_migrations
    ADD CONSTRAINT django_migrations_pkey PRIMARY KEY (id);


--
-- Name: django_session django_session_pkey; Type: CONSTRAINT; Schema: public; Owner: postgres
--

ALTER TABLE ONLY public.django_session
    ADD CONSTRAINT django_session_pkey PRIMARY KEY (session_key);


--
-- Name: experts_expertprofile experts_expertprofile_pkey; Type: CONSTRAINT; Schema: public; Owner: postgres
--

ALTER TABLE ONLY public.experts_expertprofile
    ADD CONSTRAINT experts_expertprofile_pkey PRIMARY KEY (id);


--
-- Name: experts_expertprofile experts_expertprofile_user_id_key; Type: CONSTRAINT; Schema: public; Owner: postgres
--

ALTER TABLE ONLY public.experts_expertprofile
    ADD CONSTRAINT experts_expertprofile_user_id_key UNIQUE (user_id);


--
-- Name: experts_favoriteexperts experts_favoriteexperts_pkey; Type: CONSTRAINT; Schema: public; Owner: postgres
--

ALTER TABLE ONLY public.experts_favoriteexperts
    ADD CONSTRAINT experts_favoriteexperts_pkey PRIMARY KEY (id);


--
-- Name: podcasts_expertprofile podcasts_expertprofile_pkey; Type: CONSTRAINT; Schema: public; Owner: postgres
--

ALTER TABLE ONLY public.podcasts_expertprofile
    ADD CONSTRAINT podcasts_expertprofile_pkey PRIMARY KEY (id);


--
-- Name: podcasts_expertprofile podcasts_expertprofile_user_id_key; Type: CONSTRAINT; Schema: public; Owner: postgres
--

ALTER TABLE ONLY public.podcasts_expertprofile
    ADD CONSTRAINT podcasts_expertprofile_user_id_key UNIQUE (user_id);


--
-- Name: podcasts_podcast podcasts_podcast_pkey; Type: CONSTRAINT; Schema: public; Owner: postgres
--

ALTER TABLE ONLY public.podcasts_podcast
    ADD CONSTRAINT podcasts_podcast_pkey PRIMARY KEY (id);


--
-- Name: ratings_rating ratings_rating_pkey; Type: CONSTRAINT; Schema: public; Owner: postgres
--

ALTER TABLE ONLY public.ratings_rating
    ADD CONSTRAINT ratings_rating_pkey PRIMARY KEY (id);


--
-- Name: user_messages_message user_messages_message_pkey; Type: CONSTRAINT; Schema: public; Owner: postgres
--

ALTER TABLE ONLY public.user_messages_message
    ADD CONSTRAINT user_messages_message_pkey PRIMARY KEY (id);


--
-- Name: users_customuser_groups users_customuser_groups_customuser_id_group_id_76b619e3_uniq; Type: CONSTRAINT; Schema: public; Owner: postgres
--

ALTER TABLE ONLY public.users_customuser_groups
    ADD CONSTRAINT users_customuser_groups_customuser_id_group_id_76b619e3_uniq UNIQUE (customuser_id, group_id);


--
-- Name: users_customuser_groups users_customuser_groups_pkey; Type: CONSTRAINT; Schema: public; Owner: postgres
--

ALTER TABLE ONLY public.users_customuser_groups
    ADD CONSTRAINT users_customuser_groups_pkey PRIMARY KEY (id);


--
-- Name: users_customuser users_customuser_pkey; Type: CONSTRAINT; Schema: public; Owner: postgres
--

ALTER TABLE ONLY public.users_customuser
    ADD CONSTRAINT users_customuser_pkey PRIMARY KEY (id);


--
-- Name: users_customuser_user_permissions users_customuser_user_pe_customuser_id_permission_7a7debf6_uniq; Type: CONSTRAINT; Schema: public; Owner: postgres
--

ALTER TABLE ONLY public.users_customuser_user_permissions
    ADD CONSTRAINT users_customuser_user_pe_customuser_id_permission_7a7debf6_uniq UNIQUE (customuser_id, permission_id);


--
-- Name: users_customuser_user_permissions users_customuser_user_permissions_pkey; Type: CONSTRAINT; Schema: public; Owner: postgres
--

ALTER TABLE ONLY public.users_customuser_user_permissions
    ADD CONSTRAINT users_customuser_user_permissions_pkey PRIMARY KEY (id);


--
-- Name: users_customuser users_customuser_username_key; Type: CONSTRAINT; Schema: public; Owner: postgres
--

ALTER TABLE ONLY public.users_customuser
    ADD CONSTRAINT users_customuser_username_key UNIQUE (username);


--
-- Name: users_userprofile users_userprofile_pkey; Type: CONSTRAINT; Schema: public; Owner: postgres
--

ALTER TABLE ONLY public.users_userprofile
    ADD CONSTRAINT users_userprofile_pkey PRIMARY KEY (id);


--
-- Name: users_userprofile users_userprofile_user_id_key; Type: CONSTRAINT; Schema: public; Owner: postgres
--

ALTER TABLE ONLY public.users_userprofile
    ADD CONSTRAINT users_userprofile_user_id_key UNIQUE (user_id);


--
-- Name: auth_group_name_a6ea08ec_like; Type: INDEX; Schema: public; Owner: postgres
--

CREATE INDEX auth_group_name_a6ea08ec_like ON public.auth_group USING btree (name varchar_pattern_ops);


--
-- Name: auth_group_permissions_group_id_b120cbf9; Type: INDEX; Schema: public; Owner: postgres
--

CREATE INDEX auth_group_permissions_group_id_b120cbf9 ON public.auth_group_permissions USING btree (group_id);


--
-- Name: auth_group_permissions_permission_id_84c5c92e; Type: INDEX; Schema: public; Owner: postgres
--

CREATE INDEX auth_group_permissions_permission_id_84c5c92e ON public.auth_group_permissions USING btree (permission_id);


--
-- Name: auth_permission_content_type_id_2f476e4b; Type: INDEX; Schema: public; Owner: postgres
--

CREATE INDEX auth_permission_content_type_id_2f476e4b ON public.auth_permission USING btree (content_type_id);


--
-- Name: bookmarks_bookmark_expert_id_6299540b; Type: INDEX; Schema: public; Owner: postgres
--

CREATE INDEX bookmarks_bookmark_expert_id_6299540b ON public.bookmarks_bookmark USING btree (expert_id);


--
-- Name: bookmarks_bookmark_podcast_id_c0e93396; Type: INDEX; Schema: public; Owner: postgres
--

CREATE INDEX bookmarks_bookmark_podcast_id_c0e93396 ON public.bookmarks_bookmark USING btree (podcast_id);


--
-- Name: bookmarks_bookmark_user_id_a26bf17c; Type: INDEX; Schema: public; Owner: postgres
--

CREATE INDEX bookmarks_bookmark_user_id_a26bf17c ON public.bookmarks_bookmark USING btree (user_id);


--
-- Name: collaborations_collaborationrequest_podcast_id_8a8c5cf1; Type: INDEX; Schema: public; Owner: postgres
--

CREATE INDEX collaborations_collaborationrequest_podcast_id_8a8c5cf1 ON public.collaborations_collaborationrequest USING btree (podcast_id);


--
-- Name: collaborations_collaborationrequest_receiver_id_07ee13c9; Type: INDEX; Schema: public; Owner: postgres
--

CREATE INDEX collaborations_collaborationrequest_receiver_id_07ee13c9 ON public.collaborations_collaborationrequest USING btree (receiver_id);


--
-- Name: collaborations_collaborationrequest_sender_id_aaefdb7e; Type: INDEX; Schema: public; Owner: postgres
--

CREATE INDEX collaborations_collaborationrequest_sender_id_aaefdb7e ON public.collaborations_collaborationrequest USING btree (sender_id);


--
-- Name: comments_comment_expert_id_cd72d059; Type: INDEX; Schema: public; Owner: postgres
--

CREATE INDEX comments_comment_expert_id_cd72d059 ON public.comments_comment USING btree (expert_id);


--
-- Name: comments_comment_podcast_id_704db5ca; Type: INDEX; Schema: public; Owner: postgres
--

CREATE INDEX comments_comment_podcast_id_704db5ca ON public.comments_comment USING btree (podcast_id);


--
-- Name: comments_comment_user_id_a1db4881; Type: INDEX; Schema: public; Owner: postgres
--

CREATE INDEX comments_comment_user_id_a1db4881 ON public.comments_comment USING btree (user_id);


--
-- Name: django_admin_log_content_type_id_c4bce8eb; Type: INDEX; Schema: public; Owner: postgres
--

CREATE INDEX django_admin_log_content_type_id_c4bce8eb ON public.django_admin_log USING btree (content_type_id);


--
-- Name: django_admin_log_user_id_c564eba6; Type: INDEX; Schema: public; Owner: postgres
--

CREATE INDEX django_admin_log_user_id_c564eba6 ON public.django_admin_log USING btree (user_id);


--
-- Name: django_session_expire_date_a5c62663; Type: INDEX; Schema: public; Owner: postgres
--

CREATE INDEX django_session_expire_date_a5c62663 ON public.django_session USING btree (expire_date);


--
-- Name: django_session_session_key_c0390e0f_like; Type: INDEX; Schema: public; Owner: postgres
--

CREATE INDEX django_session_session_key_c0390e0f_like ON public.django_session USING btree (session_key varchar_pattern_ops);


--
-- Name: experts_favoriteexperts_expert_id_0ce7ac3b; Type: INDEX; Schema: public; Owner: postgres
--

CREATE INDEX experts_favoriteexperts_expert_id_0ce7ac3b ON public.experts_favoriteexperts USING btree (expert_id);


--
-- Name: experts_favoriteexperts_user_id_ca87f42a; Type: INDEX; Schema: public; Owner: postgres
--

CREATE INDEX experts_favoriteexperts_user_id_ca87f42a ON public.experts_favoriteexperts USING btree (user_id);


--
-- Name: podcasts_podcast_host_id_acfd4ae8; Type: INDEX; Schema: public; Owner: postgres
--

CREATE INDEX podcasts_podcast_host_id_acfd4ae8 ON public.podcasts_podcast USING btree (host_id);


--
-- Name: ratings_rating_expert_id_ec9b4483; Type: INDEX; Schema: public; Owner: postgres
--

CREATE INDEX ratings_rating_expert_id_ec9b4483 ON public.ratings_rating USING btree (expert_id);


--
-- Name: ratings_rating_podcast_id_24664505; Type: INDEX; Schema: public; Owner: postgres
--

CREATE INDEX ratings_rating_podcast_id_24664505 ON public.ratings_rating USING btree (podcast_id);


--
-- Name: ratings_rating_user_id_585192d7; Type: INDEX; Schema: public; Owner: postgres
--

CREATE INDEX ratings_rating_user_id_585192d7 ON public.ratings_rating USING btree (user_id);


--
-- Name: user_messages_message_receiver_id_44fab021; Type: INDEX; Schema: public; Owner: postgres
--

CREATE INDEX user_messages_message_receiver_id_44fab021 ON public.user_messages_message USING btree (receiver_id);


--
-- Name: user_messages_message_sender_id_31534b5d; Type: INDEX; Schema: public; Owner: postgres
--

CREATE INDEX user_messages_message_sender_id_31534b5d ON public.user_messages_message USING btree (sender_id);


--
-- Name: users_customuser_groups_customuser_id_958147bf; Type: INDEX; Schema: public; Owner: postgres
--

CREATE INDEX users_customuser_groups_customuser_id_958147bf ON public.users_customuser_groups USING btree (customuser_id);


--
-- Name: users_customuser_groups_group_id_01390b14; Type: INDEX; Schema: public; Owner: postgres
--

CREATE INDEX users_customuser_groups_group_id_01390b14 ON public.users_customuser_groups USING btree (group_id);


--
-- Name: users_customuser_user_permissions_customuser_id_5771478b; Type: INDEX; Schema: public; Owner: postgres
--

CREATE INDEX users_customuser_user_permissions_customuser_id_5771478b ON public.users_customuser_user_permissions USING btree (customuser_id);


--
-- Name: users_customuser_user_permissions_permission_id_baaa2f74; Type: INDEX; Schema: public; Owner: postgres
--

CREATE INDEX users_customuser_user_permissions_permission_id_baaa2f74 ON public.users_customuser_user_permissions USING btree (permission_id);


--
-- Name: users_customuser_username_80452fdf_like; Type: INDEX; Schema: public; Owner: postgres
--

CREATE INDEX users_customuser_username_80452fdf_like ON public.users_customuser USING btree (username varchar_pattern_ops);


--
-- Name: auth_group_permissions auth_group_permissio_permission_id_84c5c92e_fk_auth_perm; Type: FK CONSTRAINT; Schema: public; Owner: postgres
--

ALTER TABLE ONLY public.auth_group_permissions
    ADD CONSTRAINT auth_group_permissio_permission_id_84c5c92e_fk_auth_perm FOREIGN KEY (permission_id) REFERENCES public.auth_permission(id) DEFERRABLE INITIALLY DEFERRED;


--
-- Name: auth_group_permissions auth_group_permissions_group_id_b120cbf9_fk_auth_group_id; Type: FK CONSTRAINT; Schema: public; Owner: postgres
--

ALTER TABLE ONLY public.auth_group_permissions
    ADD CONSTRAINT auth_group_permissions_group_id_b120cbf9_fk_auth_group_id FOREIGN KEY (group_id) REFERENCES public.auth_group(id) DEFERRABLE INITIALLY DEFERRED;


--
-- Name: auth_permission auth_permission_content_type_id_2f476e4b_fk_django_co; Type: FK CONSTRAINT; Schema: public; Owner: postgres
--

ALTER TABLE ONLY public.auth_permission
    ADD CONSTRAINT auth_permission_content_type_id_2f476e4b_fk_django_co FOREIGN KEY (content_type_id) REFERENCES public.django_content_type(id) DEFERRABLE INITIALLY DEFERRED;


--
-- Name: bookmarks_bookmark bookmarks_bookmark_expert_id_6299540b_fk_users_userprofile_id; Type: FK CONSTRAINT; Schema: public; Owner: postgres
--

ALTER TABLE ONLY public.bookmarks_bookmark
    ADD CONSTRAINT bookmarks_bookmark_expert_id_6299540b_fk_users_userprofile_id FOREIGN KEY (expert_id) REFERENCES public.users_userprofile(id) DEFERRABLE INITIALLY DEFERRED;


--
-- Name: bookmarks_bookmark bookmarks_bookmark_podcast_id_c0e93396_fk_podcasts_podcast_id; Type: FK CONSTRAINT; Schema: public; Owner: postgres
--

ALTER TABLE ONLY public.bookmarks_bookmark
    ADD CONSTRAINT bookmarks_bookmark_podcast_id_c0e93396_fk_podcasts_podcast_id FOREIGN KEY (podcast_id) REFERENCES public.podcasts_podcast(id) DEFERRABLE INITIALLY DEFERRED;


--
-- Name: bookmarks_bookmark bookmarks_bookmark_user_id_a26bf17c_fk_users_userprofile_id; Type: FK CONSTRAINT; Schema: public; Owner: postgres
--

ALTER TABLE ONLY public.bookmarks_bookmark
    ADD CONSTRAINT bookmarks_bookmark_user_id_a26bf17c_fk_users_userprofile_id FOREIGN KEY (user_id) REFERENCES public.users_userprofile(id) DEFERRABLE INITIALLY DEFERRED;


--
-- Name: collaborations_collaborationrequest collaborations_colla_podcast_id_8a8c5cf1_fk_podcasts_; Type: FK CONSTRAINT; Schema: public; Owner: postgres
--

ALTER TABLE ONLY public.collaborations_collaborationrequest
    ADD CONSTRAINT collaborations_colla_podcast_id_8a8c5cf1_fk_podcasts_ FOREIGN KEY (podcast_id) REFERENCES public.podcasts_podcast(id) DEFERRABLE INITIALLY DEFERRED;


--
-- Name: collaborations_collaborationrequest collaborations_colla_receiver_id_07ee13c9_fk_users_use; Type: FK CONSTRAINT; Schema: public; Owner: postgres
--

ALTER TABLE ONLY public.collaborations_collaborationrequest
    ADD CONSTRAINT collaborations_colla_receiver_id_07ee13c9_fk_users_use FOREIGN KEY (receiver_id) REFERENCES public.users_userprofile(id) DEFERRABLE INITIALLY DEFERRED;


--
-- Name: collaborations_collaborationrequest collaborations_colla_sender_id_aaefdb7e_fk_users_use; Type: FK CONSTRAINT; Schema: public; Owner: postgres
--

ALTER TABLE ONLY public.collaborations_collaborationrequest
    ADD CONSTRAINT collaborations_colla_sender_id_aaefdb7e_fk_users_use FOREIGN KEY (sender_id) REFERENCES public.users_userprofile(id) DEFERRABLE INITIALLY DEFERRED;


--
-- Name: comments_comment comments_comment_expert_id_cd72d059_fk_users_userprofile_id; Type: FK CONSTRAINT; Schema: public; Owner: postgres
--

ALTER TABLE ONLY public.comments_comment
    ADD CONSTRAINT comments_comment_expert_id_cd72d059_fk_users_userprofile_id FOREIGN KEY (expert_id) REFERENCES public.users_userprofile(id) DEFERRABLE INITIALLY DEFERRED;


--
-- Name: comments_comment comments_comment_podcast_id_704db5ca_fk_podcasts_podcast_id; Type: FK CONSTRAINT; Schema: public; Owner: postgres
--

ALTER TABLE ONLY public.comments_comment
    ADD CONSTRAINT comments_comment_podcast_id_704db5ca_fk_podcasts_podcast_id FOREIGN KEY (podcast_id) REFERENCES public.podcasts_podcast(id) DEFERRABLE INITIALLY DEFERRED;


--
-- Name: comments_comment comments_comment_user_id_a1db4881_fk_users_userprofile_id; Type: FK CONSTRAINT; Schema: public; Owner: postgres
--

ALTER TABLE ONLY public.comments_comment
    ADD CONSTRAINT comments_comment_user_id_a1db4881_fk_users_userprofile_id FOREIGN KEY (user_id) REFERENCES public.users_userprofile(id) DEFERRABLE INITIALLY DEFERRED;


--
-- Name: django_admin_log django_admin_log_content_type_id_c4bce8eb_fk_django_co; Type: FK CONSTRAINT; Schema: public; Owner: postgres
--

ALTER TABLE ONLY public.django_admin_log
    ADD CONSTRAINT django_admin_log_content_type_id_c4bce8eb_fk_django_co FOREIGN KEY (content_type_id) REFERENCES public.django_content_type(id) DEFERRABLE INITIALLY DEFERRED;


--
-- Name: django_admin_log django_admin_log_user_id_c564eba6_fk_users_customuser_id; Type: FK CONSTRAINT; Schema: public; Owner: postgres
--

ALTER TABLE ONLY public.django_admin_log
    ADD CONSTRAINT django_admin_log_user_id_c564eba6_fk_users_customuser_id FOREIGN KEY (user_id) REFERENCES public.users_customuser(id) DEFERRABLE INITIALLY DEFERRED;


--
-- Name: experts_expertprofile experts_expertprofile_user_id_8de6d973_fk_users_customuser_id; Type: FK CONSTRAINT; Schema: public; Owner: postgres
--

ALTER TABLE ONLY public.experts_expertprofile
    ADD CONSTRAINT experts_expertprofile_user_id_8de6d973_fk_users_customuser_id FOREIGN KEY (user_id) REFERENCES public.users_customuser(id) DEFERRABLE INITIALLY DEFERRED;


--
-- Name: experts_favoriteexperts experts_favoriteexpe_expert_id_0ce7ac3b_fk_experts_e; Type: FK CONSTRAINT; Schema: public; Owner: postgres
--

ALTER TABLE ONLY public.experts_favoriteexperts
    ADD CONSTRAINT experts_favoriteexpe_expert_id_0ce7ac3b_fk_experts_e FOREIGN KEY (expert_id) REFERENCES public.experts_expertprofile(id) DEFERRABLE INITIALLY DEFERRED;


--
-- Name: experts_favoriteexperts experts_favoriteexperts_user_id_ca87f42a_fk_users_customuser_id; Type: FK CONSTRAINT; Schema: public; Owner: postgres
--

ALTER TABLE ONLY public.experts_favoriteexperts
    ADD CONSTRAINT experts_favoriteexperts_user_id_ca87f42a_fk_users_customuser_id FOREIGN KEY (user_id) REFERENCES public.users_customuser(id) DEFERRABLE INITIALLY DEFERRED;


--
-- Name: podcasts_expertprofile podcasts_expertprofile_user_id_9636aa49_fk_users_userprofile_id; Type: FK CONSTRAINT; Schema: public; Owner: postgres
--

ALTER TABLE ONLY public.podcasts_expertprofile
    ADD CONSTRAINT podcasts_expertprofile_user_id_9636aa49_fk_users_userprofile_id FOREIGN KEY (user_id) REFERENCES public.users_userprofile(id) DEFERRABLE INITIALLY DEFERRED;


--
-- Name: podcasts_podcast podcasts_podcast_host_id_acfd4ae8_fk_users_customuser_id; Type: FK CONSTRAINT; Schema: public; Owner: postgres
--

ALTER TABLE ONLY public.podcasts_podcast
    ADD CONSTRAINT podcasts_podcast_host_id_acfd4ae8_fk_users_customuser_id FOREIGN KEY (host_id) REFERENCES public.users_customuser(id) DEFERRABLE INITIALLY DEFERRED;


--
-- Name: ratings_rating ratings_rating_expert_id_ec9b4483_fk_users_userprofile_id; Type: FK CONSTRAINT; Schema: public; Owner: postgres
--

ALTER TABLE ONLY public.ratings_rating
    ADD CONSTRAINT ratings_rating_expert_id_ec9b4483_fk_users_userprofile_id FOREIGN KEY (expert_id) REFERENCES public.users_userprofile(id) DEFERRABLE INITIALLY DEFERRED;


--
-- Name: ratings_rating ratings_rating_podcast_id_24664505_fk_podcasts_podcast_id; Type: FK CONSTRAINT; Schema: public; Owner: postgres
--

ALTER TABLE ONLY public.ratings_rating
    ADD CONSTRAINT ratings_rating_podcast_id_24664505_fk_podcasts_podcast_id FOREIGN KEY (podcast_id) REFERENCES public.podcasts_podcast(id) DEFERRABLE INITIALLY DEFERRED;


--
-- Name: ratings_rating ratings_rating_user_id_585192d7_fk_users_userprofile_id; Type: FK CONSTRAINT; Schema: public; Owner: postgres
--

ALTER TABLE ONLY public.ratings_rating
    ADD CONSTRAINT ratings_rating_user_id_585192d7_fk_users_userprofile_id FOREIGN KEY (user_id) REFERENCES public.users_userprofile(id) DEFERRABLE INITIALLY DEFERRED;


--
-- Name: user_messages_message user_messages_messag_receiver_id_44fab021_fk_users_cus; Type: FK CONSTRAINT; Schema: public; Owner: postgres
--

ALTER TABLE ONLY public.user_messages_message
    ADD CONSTRAINT user_messages_messag_receiver_id_44fab021_fk_users_cus FOREIGN KEY (receiver_id) REFERENCES public.users_customuser(id) DEFERRABLE INITIALLY DEFERRED;


--
-- Name: user_messages_message user_messages_message_sender_id_31534b5d_fk_users_customuser_id; Type: FK CONSTRAINT; Schema: public; Owner: postgres
--

ALTER TABLE ONLY public.user_messages_message
    ADD CONSTRAINT user_messages_message_sender_id_31534b5d_fk_users_customuser_id FOREIGN KEY (sender_id) REFERENCES public.users_customuser(id) DEFERRABLE INITIALLY DEFERRED;


--
-- Name: users_customuser_groups users_customuser_gro_customuser_id_958147bf_fk_users_cus; Type: FK CONSTRAINT; Schema: public; Owner: postgres
--

ALTER TABLE ONLY public.users_customuser_groups
    ADD CONSTRAINT users_customuser_gro_customuser_id_958147bf_fk_users_cus FOREIGN KEY (customuser_id) REFERENCES public.users_customuser(id) DEFERRABLE INITIALLY DEFERRED;


--
-- Name: users_customuser_groups users_customuser_groups_group_id_01390b14_fk_auth_group_id; Type: FK CONSTRAINT; Schema: public; Owner: postgres
--

ALTER TABLE ONLY public.users_customuser_groups
    ADD CONSTRAINT users_customuser_groups_group_id_01390b14_fk_auth_group_id FOREIGN KEY (group_id) REFERENCES public.auth_group(id) DEFERRABLE INITIALLY DEFERRED;


--
-- Name: users_customuser_user_permissions users_customuser_use_customuser_id_5771478b_fk_users_cus; Type: FK CONSTRAINT; Schema: public; Owner: postgres
--

ALTER TABLE ONLY public.users_customuser_user_permissions
    ADD CONSTRAINT users_customuser_use_customuser_id_5771478b_fk_users_cus FOREIGN KEY (customuser_id) REFERENCES public.users_customuser(id) DEFERRABLE INITIALLY DEFERRED;


--
-- Name: users_customuser_user_permissions users_customuser_use_permission_id_baaa2f74_fk_auth_perm; Type: FK CONSTRAINT; Schema: public; Owner: postgres
--

ALTER TABLE ONLY public.users_customuser_user_permissions
    ADD CONSTRAINT users_customuser_use_permission_id_baaa2f74_fk_auth_perm FOREIGN KEY (permission_id) REFERENCES public.auth_permission(id) DEFERRABLE INITIALLY DEFERRED;


--
-- Name: users_userprofile users_userprofile_user_id_87251ef1_fk_users_customuser_id; Type: FK CONSTRAINT; Schema: public; Owner: postgres
--

ALTER TABLE ONLY public.users_userprofile
    ADD CONSTRAINT users_userprofile_user_id_87251ef1_fk_users_customuser_id FOREIGN KEY (user_id) REFERENCES public.users_customuser(id) DEFERRABLE INITIALLY DEFERRED;


--
-- PostgreSQL database dump complete
--

