[{"model": "admin.logentry", "pk": 1, "fields": {"action_time": "2025-03-30T19:01:00.565Z", "user": 13, "content_type": 6, "object_id": "1", "object_repr": "Benny", "action_flag": 2, "change_message": "[{\"changed\": {\"fields\": [\"Email verified\"]}}]"}}, {"model": "admin.logentry", "pk": 2, "fields": {"action_time": "2025-03-30T19:01:10.816Z", "user": 13, "content_type": 6, "object_id": "13", "object_repr": "admin", "action_flag": 2, "change_message": "[{\"changed\": {\"fields\": [\"Email verified\"]}}]"}}, {"model": "admin.logentry", "pk": 3, "fields": {"action_time": "2025-03-30T19:20:54.395Z", "user": 1, "content_type": 6, "object_id": "4", "object_repr": "Behzad", "action_flag": 2, "change_message": "[]"}}, {"model": "admin.logentry", "pk": 4, "fields": {"action_time": "2025-03-30T19:26:04.706Z", "user": 1, "content_type": 9, "object_id": "6", "object_repr": "Lisa Thompson - Nutrition, Wellness, Health Optimization", "action_flag": 2, "change_message": "[{\"changed\": {\"fields\": [\"Categories\", \"Is featured\"]}}]"}}, {"model": "admin.logentry", "pk": 5, "fields": {"action_time": "2025-03-30T19:26:14.184Z", "user": 1, "content_type": 9, "object_id": "5", "object_repr": "Dr. James Wilson - Environmental Science, Sustainability, Climate Change", "action_flag": 2, "change_message": "[{\"changed\": {\"fields\": [\"Categories\", \"Is featured\"]}}]"}}, {"model": "admin.logentry", "pk": 6, "fields": {"action_time": "2025-03-30T19:26:24.979Z", "user": 1, "content_type": 9, "object_id": "4", "object_repr": "Dr. Emily Watson - Neuroscience, Mental Health, Cognitive Development", "action_flag": 2, "change_message": "[{\"changed\": {\"fields\": [\"Categories\", \"Is featured\"]}}]"}}, {"model": "admin.logentry", "pk": 7, "fields": {"action_time": "2025-03-30T19:26:37.729Z", "user": 1, "content_type": 9, "object_id": "3", "object_repr": "Michael Rodriguez - Business Strategy, Digital Transformation, Innovation", "action_flag": 2, "change_message": "[{\"changed\": {\"fields\": [\"Categories\", \"Is featured\"]}}]"}}, {"model": "admin.logentry", "pk": 8, "fields": {"action_time": "2025-03-30T19:26:52.495Z", "user": 1, "content_type": 9, "object_id": "2", "object_repr": "Dr. Sarah Chen - Artificial Intelligence, Machine Learning, Deep Learning", "action_flag": 2, "change_message": "[{\"changed\": {\"fields\": [\"Categories\", \"Is featured\"]}}]"}}, {"model": "admin.logentry", "pk": 9, "fields": {"action_time": "2025-03-30T19:27:06.755Z", "user": 1, "content_type": 9, "object_id": "1", "object_repr": "Shirin - Web delopment", "action_flag": 2, "change_message": "[{\"changed\": {\"fields\": [\"Categories\", \"Is featured\"]}}]"}}, {"model": "admin.logentry", "pk": 10, "fields": {"action_time": "2025-03-30T19:27:14.455Z", "user": 1, "content_type": 15, "object_id": "6", "object_repr": "Health & Wellness Weekly", "action_flag": 2, "change_message": "[{\"changed\": {\"fields\": [\"Is featured\"]}}]"}}, {"model": "admin.logentry", "pk": 11, "fields": {"action_time": "2025-03-30T19:27:19.071Z", "user": 1, "content_type": 15, "object_id": "5", "object_repr": "Science Today", "action_flag": 2, "change_message": "[{\"changed\": {\"fields\": [\"Is featured\"]}}]"}}, {"model": "admin.logentry", "pk": 12, "fields": {"action_time": "2025-03-30T19:27:23.166Z", "user": 1, "content_type": 15, "object_id": "4", "object_repr": "Business Insights", "action_flag": 2, "change_message": "[{\"changed\": {\"fields\": [\"Is featured\"]}}]"}}, {"model": "admin.logentry", "pk": 13, "fields": {"action_time": "2025-03-30T19:27:25.646Z", "user": 1, "content_type": 15, "object_id": "3", "object_repr": "Tech Talk Daily", "action_flag": 2, "change_message": "[]"}}, {"model": "admin.logentry", "pk": 14, "fields": {"action_time": "2025-03-30T19:27:30.121Z", "user": 1, "content_type": 15, "object_id": "3", "object_repr": "Tech Talk Daily", "action_flag": 2, "change_message": "[{\"changed\": {\"fields\": [\"Is featured\"]}}]"}}, {"model": "admin.logentry", "pk": 15, "fields": {"action_time": "2025-03-30T19:27:33.535Z", "user": 1, "content_type": 15, "object_id": "2", "object_repr": "SWEDCAST", "action_flag": 2, "change_message": "[{\"changed\": {\"fields\": [\"Is featured\"]}}]"}}, {"model": "admin.logentry", "pk": 16, "fields": {"action_time": "2025-03-30T19:27:38.787Z", "user": 1, "content_type": 15, "object_id": "1", "object_repr": "Test Podcast", "action_flag": 2, "change_message": "[{\"changed\": {\"fields\": [\"Is featured\"]}}]"}}, {"model": "admin.logentry", "pk": 17, "fields": {"action_time": "2025-03-30T19:30:41.221Z", "user": 1, "content_type": 15, "object_id": "3", "object_repr": "Tech Talk Daily", "action_flag": 2, "change_message": "[{\"changed\": {\"fields\": [\"Is featured\"]}}]"}}, {"model": "admin.logentry", "pk": 18, "fields": {"action_time": "2025-03-30T19:30:45.356Z", "user": 1, "content_type": 15, "object_id": "4", "object_repr": "Business Insights", "action_flag": 2, "change_message": "[{\"changed\": {\"fields\": [\"Is featured\"]}}]"}}, {"model": "admin.logentry", "pk": 19, "fields": {"action_time": "2025-03-30T19:30:49.634Z", "user": 1, "content_type": 15, "object_id": "5", "object_repr": "Science Today", "action_flag": 2, "change_message": "[{\"changed\": {\"fields\": [\"Is featured\"]}}]"}}, {"model": "admin.logentry", "pk": 20, "fields": {"action_time": "2025-03-30T19:30:53.588Z", "user": 1, "content_type": 15, "object_id": "6", "object_repr": "Health & Wellness Weekly", "action_flag": 2, "change_message": "[{\"changed\": {\"fields\": [\"Is featured\"]}}]"}}, {"model": "admin.logentry", "pk": 21, "fields": {"action_time": "2025-03-31T00:28:45.922Z", "user": 1, "content_type": 9, "object_id": "1", "object_repr": "Shirin - Web delopment", "action_flag": 2, "change_message": "[{\"changed\": {\"fields\": [\"Profile picture\"]}}]"}}, {"model": "admin.logentry", "pk": 22, "fields": {"action_time": "2025-03-31T12:31:03.662Z", "user": 1, "content_type": 9, "object_id": "6", "object_repr": "Lisa Thompson - Nutrition, Wellness, Health Optimization", "action_flag": 2, "change_message": "[{\"changed\": {\"fields\": [\"Profile picture\"]}}]"}}, {"model": "admin.logentry", "pk": 23, "fields": {"action_time": "2025-03-31T12:31:18.081Z", "user": 1, "content_type": 9, "object_id": "5", "object_repr": "Dr. James Wilson - Environmental Science, Sustainability, Climate Change", "action_flag": 2, "change_message": "[{\"changed\": {\"fields\": [\"Profile picture\"]}}]"}}, {"model": "admin.logentry", "pk": 24, "fields": {"action_time": "2025-03-31T12:32:36.791Z", "user": 1, "content_type": 9, "object_id": "4", "object_repr": "Dr. Emily Watson - Neuroscience, Mental Health, Cognitive Development", "action_flag": 2, "change_message": "[{\"changed\": {\"fields\": [\"Profile picture\"]}}]"}}, {"model": "admin.logentry", "pk": 25, "fields": {"action_time": "2025-03-31T12:34:46.194Z", "user": 1, "content_type": 9, "object_id": "3", "object_repr": "Michael Rodriguez - Business Strategy, Digital Transformation, Innovation", "action_flag": 2, "change_message": "[{\"changed\": {\"fields\": [\"Profile picture\"]}}]"}}, {"model": "admin.logentry", "pk": 26, "fields": {"action_time": "2025-03-31T12:35:15.372Z", "user": 1, "content_type": 9, "object_id": "2", "object_repr": "Dr. Sarah Chen - Artificial Intelligence, Machine Learning, Deep Learning", "action_flag": 2, "change_message": "[{\"changed\": {\"fields\": [\"Profile picture\"]}}]"}}, {"model": "admin.logentry", "pk": 27, "fields": {"action_time": "2025-03-31T12:53:56.403Z", "user": 1, "content_type": 15, "object_id": "6", "object_repr": "Health & Wellness Weekly", "action_flag": 2, "change_message": "[{\"changed\": {\"fields\": [\"Image\"]}}]"}}, {"model": "admin.logentry", "pk": 28, "fields": {"action_time": "2025-03-31T12:54:15.424Z", "user": 1, "content_type": 15, "object_id": "5", "object_repr": "Science Today", "action_flag": 2, "change_message": "[{\"changed\": {\"fields\": [\"Image\"]}}]"}}, {"model": "admin.logentry", "pk": 29, "fields": {"action_time": "2025-03-31T12:54:32.183Z", "user": 1, "content_type": 15, "object_id": "4", "object_repr": "Business Insights", "action_flag": 2, "change_message": "[{\"changed\": {\"fields\": [\"Image\"]}}]"}}, {"model": "admin.logentry", "pk": 30, "fields": {"action_time": "2025-03-31T12:54:39.406Z", "user": 1, "content_type": 15, "object_id": "3", "object_repr": "Tech Talk Daily", "action_flag": 2, "change_message": "[{\"changed\": {\"fields\": [\"Image\"]}}]"}}, {"model": "admin.logentry", "pk": 31, "fields": {"action_time": "2025-03-31T12:54:48.101Z", "user": 1, "content_type": 15, "object_id": "2", "object_repr": "SWEDCAST", "action_flag": 2, "change_message": "[{\"changed\": {\"fields\": [\"Image\"]}}]"}}, {"model": "admin.logentry", "pk": 32, "fields": {"action_time": "2025-03-31T12:54:57.232Z", "user": 1, "content_type": 15, "object_id": "1", "object_repr": "Test Podcast", "action_flag": 2, "change_message": "[{\"changed\": {\"fields\": [\"Image\"]}}]"}}, {"model": "admin.logentry", "pk": 33, "fields": {"action_time": "2025-05-06T21:55:14.245Z", "user": 1, "content_type": 6, "object_id": "14", "object_repr": "Kamran", "action_flag": 2, "change_message": "[{\"changed\": {\"fields\": [\"Email verified\"]}}]"}}, {"model": "admin.logentry", "pk": 34, "fields": {"action_time": "2025-05-06T22:42:32.261Z", "user": 1, "content_type": 15, "object_id": "7", "object_repr": "The sound", "action_flag": 2, "change_message": "[{\"changed\": {\"fields\": [\"Is approved\"]}}]"}}, {"model": "admin.logentry", "pk": 35, "fields": {"action_time": "2025-05-06T23:00:44.329Z", "user": 1, "content_type": 9, "object_id": "7", "object_repr": "Kamran - Web delopment", "action_flag": 2, "change_message": "[{\"changed\": {\"fields\": [\"Categories\", \"Is approved\"]}}]"}}, {"model": "admin.logentry", "pk": 36, "fields": {"action_time": "2025-05-06T23:42:46.261Z", "user": 1, "content_type": 15, "object_id": "6", "object_repr": "Health & Wellness Weekly", "action_flag": 2, "change_message": "[{\"changed\": {\"fields\": [\"Image\"]}}]"}}, {"model": "admin.logentry", "pk": 37, "fields": {"action_time": "2025-05-06T23:43:18.424Z", "user": 1, "content_type": 15, "object_id": "5", "object_repr": "Science Today", "action_flag": 2, "change_message": "[{\"changed\": {\"fields\": [\"Image\"]}}]"}}, {"model": "admin.logentry", "pk": 38, "fields": {"action_time": "2025-05-06T23:43:30.186Z", "user": 1, "content_type": 15, "object_id": "4", "object_repr": "Business Insights", "action_flag": 2, "change_message": "[{\"changed\": {\"fields\": [\"Image\"]}}]"}}, {"model": "admin.logentry", "pk": 39, "fields": {"action_time": "2025-05-06T23:43:42.832Z", "user": 1, "content_type": 15, "object_id": "3", "object_repr": "Tech Talk Daily", "action_flag": 2, "change_message": "[{\"changed\": {\"fields\": [\"Image\"]}}]"}}, {"model": "admin.logentry", "pk": 40, "fields": {"action_time": "2025-05-06T23:43:55.672Z", "user": 1, "content_type": 15, "object_id": "2", "object_repr": "SWEDCAST", "action_flag": 2, "change_message": "[{\"changed\": {\"fields\": [\"Image\"]}}]"}}, {"model": "admin.logentry", "pk": 41, "fields": {"action_time": "2025-05-06T23:44:04.973Z", "user": 1, "content_type": 15, "object_id": "1", "object_repr": "Test Podcast", "action_flag": 2, "change_message": "[{\"changed\": {\"fields\": [\"Image\"]}}]"}}, {"model": "admin.logentry", "pk": 42, "fields": {"action_time": "2025-05-06T23:45:07.331Z", "user": 1, "content_type": 9, "object_id": "7", "object_repr": "Kamran - Web delopment", "action_flag": 2, "change_message": "[{\"changed\": {\"fields\": [\"Profile picture\"]}}]"}}, {"model": "admin.logentry", "pk": 43, "fields": {"action_time": "2025-05-06T23:45:21.892Z", "user": 1, "content_type": 9, "object_id": "6", "object_repr": "Lisa Thompson - Nutrition, Wellness, Health Optimization", "action_flag": 2, "change_message": "[{\"changed\": {\"fields\": [\"Profile picture\"]}}]"}}, {"model": "admin.logentry", "pk": 44, "fields": {"action_time": "2025-05-06T23:45:36.907Z", "user": 1, "content_type": 9, "object_id": "5", "object_repr": "Dr. James Wilson - Environmental Science, Sustainability, Climate Change", "action_flag": 2, "change_message": "[{\"changed\": {\"fields\": [\"Profile picture\"]}}]"}}, {"model": "admin.logentry", "pk": 45, "fields": {"action_time": "2025-05-06T23:45:55.511Z", "user": 1, "content_type": 9, "object_id": "4", "object_repr": "Dr. Emily Watson - Neuroscience, Mental Health, Cognitive Development", "action_flag": 2, "change_message": "[{\"changed\": {\"fields\": [\"Profile picture\"]}}]"}}, {"model": "admin.logentry", "pk": 46, "fields": {"action_time": "2025-05-06T23:46:07.187Z", "user": 1, "content_type": 9, "object_id": "3", "object_repr": "Michael Rodriguez - Business Strategy, Digital Transformation, Innovation", "action_flag": 2, "change_message": "[{\"changed\": {\"fields\": [\"Profile picture\"]}}]"}}, {"model": "admin.logentry", "pk": 47, "fields": {"action_time": "2025-05-06T23:46:26.475Z", "user": 1, "content_type": 9, "object_id": "2", "object_repr": "Dr. Sarah Chen - Artificial Intelligence, Machine Learning, Deep Learning", "action_flag": 2, "change_message": "[{\"changed\": {\"fields\": [\"Profile picture\"]}}]"}}, {"model": "admin.logentry", "pk": 48, "fields": {"action_time": "2025-05-06T23:46:39.135Z", "user": 1, "content_type": 9, "object_id": "1", "object_repr": "Shirin - Web delopment", "action_flag": 2, "change_message": "[{\"changed\": {\"fields\": [\"Profile picture\"]}}]"}}, {"model": "admin.logentry", "pk": 49, "fields": {"action_time": "2025-05-09T19:06:30.489Z", "user": 1, "content_type": 15, "object_id": "7", "object_repr": "The sound", "action_flag": 2, "change_message": "[{\"changed\": {\"fields\": [\"Is approved\"]}}]"}}, {"model": "admin.logentry", "pk": 50, "fields": {"action_time": "2025-05-09T19:39:17.153Z", "user": 1, "content_type": 15, "object_id": "8", "object_repr": "The communication", "action_flag": 2, "change_message": "[{\"changed\": {\"fields\": [\"Is approved\"]}}]"}}, {"model": "admin.logentry", "pk": 51, "fields": {"action_time": "2025-05-09T23:30:45.064Z", "user": 1, "content_type": 15, "object_id": "8", "object_repr": "The communication", "action_flag": 2, "change_message": "[{\"changed\": {\"fields\": [\"Image\"]}}]"}}, {"model": "admin.logentry", "pk": 52, "fields": {"action_time": "2025-05-09T23:30:58.968Z", "user": 1, "content_type": 15, "object_id": "2", "object_repr": "SWEDCAST", "action_flag": 2, "change_message": "[{\"changed\": {\"fields\": [\"Image\"]}}]"}}, {"model": "admin.logentry", "pk": 53, "fields": {"action_time": "2025-05-09T23:31:10.648Z", "user": 1, "content_type": 15, "object_id": "3", "object_repr": "Tech Talk Daily", "action_flag": 2, "change_message": "[{\"changed\": {\"fields\": [\"Image\"]}}]"}}, {"model": "admin.logentry", "pk": 54, "fields": {"action_time": "2025-05-09T23:31:19.129Z", "user": 1, "content_type": 15, "object_id": "4", "object_repr": "Business Insights", "action_flag": 2, "change_message": "[{\"changed\": {\"fields\": [\"Image\"]}}]"}}, {"model": "admin.logentry", "pk": 55, "fields": {"action_time": "2025-05-09T23:33:27.150Z", "user": 1, "content_type": 15, "object_id": "5", "object_repr": "Science Today", "action_flag": 2, "change_message": "[{\"changed\": {\"fields\": [\"Image\"]}}]"}}, {"model": "admin.logentry", "pk": 56, "fields": {"action_time": "2025-05-09T23:33:38.337Z", "user": 1, "content_type": 15, "object_id": "6", "object_repr": "Health & Wellness Weekly", "action_flag": 2, "change_message": "[{\"changed\": {\"fields\": [\"Image\"]}}]"}}, {"model": "admin.logentry", "pk": 57, "fields": {"action_time": "2025-05-09T23:34:07.429Z", "user": 1, "content_type": 15, "object_id": "7", "object_repr": "The sound", "action_flag": 2, "change_message": "[{\"changed\": {\"fields\": [\"Image\"]}}]"}}, {"model": "admin.logentry", "pk": 58, "fields": {"action_time": "2025-05-09T23:35:37.188Z", "user": 1, "content_type": 15, "object_id": "8", "object_repr": "The communication", "action_flag": 2, "change_message": "[{\"changed\": {\"fields\": [\"Image\"]}}]"}}, {"model": "admin.logentry", "pk": 59, "fields": {"action_time": "2025-05-09T23:36:11.691Z", "user": 1, "content_type": 15, "object_id": "1", "object_repr": "Test Podcast", "action_flag": 2, "change_message": "[{\"changed\": {\"fields\": [\"Image\"]}}]"}}, {"model": "admin.logentry", "pk": 60, "fields": {"action_time": "2025-05-09T23:36:52.070Z", "user": 1, "content_type": 9, "object_id": "1", "object_repr": "Shirin - Web delopment", "action_flag": 2, "change_message": "[{\"changed\": {\"fields\": [\"Profile picture\"]}}]"}}, {"model": "admin.logentry", "pk": 61, "fields": {"action_time": "2025-05-09T23:37:07.257Z", "user": 1, "content_type": 9, "object_id": "2", "object_repr": "Dr. Sarah Chen - Artificial Intelligence, Machine Learning, Deep Learning", "action_flag": 2, "change_message": "[{\"changed\": {\"fields\": [\"Profile picture\"]}}]"}}, {"model": "admin.logentry", "pk": 62, "fields": {"action_time": "2025-05-09T23:37:18.660Z", "user": 1, "content_type": 9, "object_id": "3", "object_repr": "Michael Rodriguez - Business Strategy, Digital Transformation, Innovation", "action_flag": 2, "change_message": "[{\"changed\": {\"fields\": [\"Profile picture\"]}}]"}}, {"model": "admin.logentry", "pk": 63, "fields": {"action_time": "2025-05-09T23:37:32.106Z", "user": 1, "content_type": 9, "object_id": "4", "object_repr": "Dr. Emily Watson - Neuroscience, Mental Health, Cognitive Development", "action_flag": 2, "change_message": "[{\"changed\": {\"fields\": [\"Profile picture\"]}}]"}}, {"model": "admin.logentry", "pk": 64, "fields": {"action_time": "2025-05-09T23:37:45.206Z", "user": 1, "content_type": 9, "object_id": "5", "object_repr": "Dr. James Wilson - Environmental Science, Sustainability, Climate Change", "action_flag": 2, "change_message": "[{\"changed\": {\"fields\": [\"Profile picture\"]}}]"}}, {"model": "admin.logentry", "pk": 65, "fields": {"action_time": "2025-05-09T23:38:00.183Z", "user": 1, "content_type": 9, "object_id": "6", "object_repr": "Lisa Thompson - Nutrition, Wellness, Health Optimization", "action_flag": 2, "change_message": "[{\"changed\": {\"fields\": [\"Profile picture\"]}}]"}}, {"model": "admin.logentry", "pk": 66, "fields": {"action_time": "2025-05-09T23:38:14.304Z", "user": 1, "content_type": 9, "object_id": "7", "object_repr": "Kamran - Web delopment", "action_flag": 2, "change_message": "[{\"changed\": {\"fields\": [\"Profile picture\"]}}]"}}, {"model": "sessions.session", "pk": "4pp146bf53utc0jq5omer0pnls2acpft", "fields": {"session_data": ".eJxVjEEOwiAQRe_C2hAQpoBL9z0DGRhGqoYmpV0Z765NutDtf-_9l4i4rTVuvSxxInERWpx-t4T5UdoO6I7tNss8t3WZktwVedAux5nK83q4fwcVe_3WPhVmVP7s2QGBCxxgIFaKlDWQDXjSAwVSJaMmawxoYnbEFp2zSYv3B_IROEI:1tyyCd:vQKMFrX3GojDqo4iLToiYihMVPk1-Kh4oXBI7qLwXhY", "expire_date": "2025-04-13T19:20:15.637Z"}}, {"model": "sessions.session", "pk": "dyyg0ym6497mgvpts0u7qtkq7qkf4ysu", "fields": {"session_data": ".eJxVjEEOwiAQRe_C2hAQpoBL9z0DGRhGqoYmpV0Z765NutDtf-_9l4i4rTVuvSxxInERWpx-t4T5UdoO6I7tNss8t3WZktwVedAux5nK83q4fwcVe_3WPhVmVP7s2QGBCxxgIFaKlDWQDXjSAwVSJaMmawxoYnbEFp2zSYv3B_IROEI:1uDUAE:-aVXiHY2uH1GznIAx1XMY4ZOAl0LfNm-K-jqurTMLdg", "expire_date": "2025-05-23T20:17:46.950Z"}}, {"model": "sessions.session", "pk": "s94mutdfbcqxjwzlepo9jaa1i1bjq0g7", "fields": {"session_data": ".eJxVjDsOwjAQBe_iGllrL_5R0ucM0dre4ACypTipEHeHSCmgfTPzXmKkbS3j1nkZ5ywuQqE4_Y6R0oPrTvKd6q3J1Oq6zFHuijxol0PL_Lwe7t9BoV6-tUaeQCmfcgjBU_CYYDImTxxtBGWNJusBTTYWEWMgdhocEJ8toHdevD_09Dcd:1tyxqK:e-XzaYFdgheeF1GXHyLCNsiLPRthfMNIGchw4fAgyzo", "expire_date": "2025-04-13T18:57:12.016Z"}}, {"model": "users.customuser", "pk": 1, "fields": {"password": "pbkdf2_sha256$870000$tfHtRtvJ2iSsN2zyfsvOOi$WREjefDnSEHJHPIzD73B3oCx4Zr3w7wiUsojIp3Eok0=", "last_login": "2025-05-09T20:17:46.949Z", "is_superuser": true, "username": "Benny", "first_name": "", "last_name": "", "email": "behzadjavadian49@gmail.com", "is_staff": true, "is_active": true, "date_joined": "2025-03-25T17:19:22Z", "email_verified": true, "verification_token": "", "user_type": "podcaster", "groups": [], "user_permissions": []}}, {"model": "users.customuser", "pk": 2, "fields": {"password": "pbkdf2_sha256$870000$1JSqUVVi2KAdR1swt1MHVh$T6+wC5lkiH3VaALjk4b7JQJC6biqtKK6FZsc9kmDces=", "last_login": null, "is_superuser": false, "username": "testexpert", "first_name": "", "last_name": "", "email": "expert@example.com", "is_staff": false, "is_active": true, "date_joined": "2025-03-25T17:24:30.957Z", "email_verified": false, "verification_token": "", "user_type": "podcaster", "groups": [], "user_permissions": []}}, {"model": "users.customuser", "pk": 4, "fields": {"password": "pbkdf2_sha256$870000$mGESHFkxdkwVl44Ms4C6Vx$4Nea7pompSYkri/Lt7eG7AuzGx6cE6fAb8NiFk5JYm4=", "last_login": "2025-05-11T21:41:28.220Z", "is_superuser": false, "username": "Behzad", "first_name": "", "last_name": "", "email": "behzad_1349@hotmail.com", "is_staff": false, "is_active": true, "date_joined": "2025-03-26T15:07:08Z", "email_verified": true, "verification_token": "", "user_type": "podcaster", "groups": [], "user_permissions": []}}, {"model": "users.customuser", "pk": 6, "fields": {"password": "pbkdf2_sha256$870000$I68VSGCxaHFbJ8C8334f8J$ZarKqhFM1D74oxv5ywj345YAar1shnvHLvCLlX69dXc=", "last_login": "2025-03-26T18:15:11.681Z", "is_superuser": false, "username": "Shirin", "first_name": "", "last_name": "", "email": "swedpodcast@gmail.com", "is_staff": false, "is_active": true, "date_joined": "2025-03-26T15:27:20.261Z", "email_verified": true, "verification_token": "", "user_type": "expert", "groups": [], "user_permissions": []}}, {"model": "users.customuser", "pk": 8, "fields": {"password": "pbkdf2_sha256$870000$tfHtRtvJ2iSsN2zyfsvOOi$WREjefDnSEHJHPIzD73B3oCx4Zr3w7wiUsojIp3Eok0=", "last_login": null, "is_superuser": false, "username": "sarahchen", "first_name": "Sarah", "last_name": "Chen", "email": "sarah.chen@example.com", "is_staff": false, "is_active": true, "date_joined": "2025-03-26T17:56:44.299Z", "email_verified": true, "verification_token": "", "user_type": "expert", "groups": [], "user_permissions": []}}, {"model": "users.customuser", "pk": 9, "fields": {"password": "pbkdf2_sha256$870000$tfHtRtvJ2iSsN2zyfsvOOi$WREjefDnSEHJHPIzD73B3oCx4Zr3w7wiUsojIp3Eok0=", "last_login": null, "is_superuser": false, "username": "michaelrodriguez", "first_name": "Michael", "last_name": "Rodriguez", "email": "michael.rodriguez@example.com", "is_staff": false, "is_active": true, "date_joined": "2025-03-26T17:56:44.300Z", "email_verified": true, "verification_token": "", "user_type": "expert", "groups": [], "user_permissions": []}}, {"model": "users.customuser", "pk": 10, "fields": {"password": "pbkdf2_sha256$870000$tfHtRtvJ2iSsN2zyfsvOOi$WREjefDnSEHJHPIzD73B3oCx4Zr3w7wiUsojIp3Eok0=", "last_login": null, "is_superuser": false, "username": "emilywatson", "first_name": "Emily", "last_name": "Watson", "email": "emily.watson@example.com", "is_staff": false, "is_active": true, "date_joined": "2025-03-26T17:56:44.301Z", "email_verified": true, "verification_token": "", "user_type": "expert", "groups": [], "user_permissions": []}}, {"model": "users.customuser", "pk": 11, "fields": {"password": "pbkdf2_sha256$870000$tfHtRtvJ2iSsN2zyfsvOOi$WREjefDnSEHJHPIzD73B3oCx4Zr3w7wiUsojIp3Eok0=", "last_login": null, "is_superuser": false, "username": "jameswilson", "first_name": "James", "last_name": "Wilson", "email": "james.wilson@example.com", "is_staff": false, "is_active": true, "date_joined": "2025-03-26T17:56:44.302Z", "email_verified": true, "verification_token": "", "user_type": "expert", "groups": [], "user_permissions": []}}, {"model": "users.customuser", "pk": 12, "fields": {"password": "pbkdf2_sha256$870000$tfHtRtvJ2iSsN2zyfsvOOi$WREjefDnSEHJHPIzD73B3oCx4Zr3w7wiUsojIp3Eok0=", "last_login": null, "is_superuser": false, "username": "lisathompson", "first_name": "Lisa", "last_name": "Thompson", "email": "lisa.thompson@example.com", "is_staff": false, "is_active": true, "date_joined": "2025-03-26T17:56:44.303Z", "email_verified": true, "verification_token": "", "user_type": "expert", "groups": [], "user_permissions": []}}, {"model": "users.customuser", "pk": 13, "fields": {"password": "pbkdf2_sha256$870000$DY74QACzv4gisA9j6kNZfN$KwuK9pP74fyOe+/2betGvxU/jIwkp5/nmJT2Ij+fbc4=", "last_login": "2025-03-30T18:57:12Z", "is_superuser": true, "username": "admin", "first_name": "", "last_name": "", "email": "behzadjavadian49@gmail.com", "is_staff": true, "is_active": true, "date_joined": "2025-03-30T18:56:39Z", "email_verified": true, "verification_token": "", "user_type": "podcaster", "groups": [], "user_permissions": []}}, {"model": "users.customuser", "pk": 14, "fields": {"password": "pbkdf2_sha256$870000$QmZDLjdGcJWe1mnFaNYId7$7ywL0KwBMd+Urd/bGqmtzsmA5k6XwF3+Y6I17Kvtz6I=", "last_login": "2025-05-09T20:01:48.825Z", "is_superuser": false, "username": "Kamran", "first_name": "", "last_name": "", "email": "swedpodcast@gmail.com", "is_staff": false, "is_active": true, "date_joined": "2025-05-06T21:54:56Z", "email_verified": true, "verification_token": "cfiMhohsdWxhMG7fi68rOLMwLFxMCPt0SvDaZvYNYx8Xhrm4fsQX2cvxJ00ismFd", "user_type": "expert", "groups": [], "user_permissions": []}}, {"model": "users.userprofile", "pk": 1, "fields": {"user": 14, "profile_picture": ""}}, {"model": "experts.expertcategory", "pk": 1, "fields": {"name": "Audio Production", "description": "Experts in sound engineering, mixing, and audio production techniques", "created_at": "2025-03-26T17:56:44.290Z"}}, {"model": "experts.expertcategory", "pk": 2, "fields": {"name": "Content Strategy", "description": "Specialists in podcast content planning, storytelling, and audience engagement", "created_at": "2025-03-26T17:56:44.291Z"}}, {"model": "experts.expertcategory", "pk": 3, "fields": {"name": "Marketing & Growth", "description": "Experts in podcast promotion, audience building, and monetization strategies", "created_at": "2025-03-26T17:56:44.291Z"}}, {"model": "experts.expertcategory", "pk": 4, "fields": {"name": "Technical Equipment", "description": "Specialists in podcast recording equipment, software, and technical setup", "created_at": "2025-03-26T17:56:44.291Z"}}, {"model": "experts.expertcategory", "pk": 5, "fields": {"name": "Voice & Presentation", "description": "Experts in voice training, public speaking, and on-air presentation skills", "created_at": "2025-03-26T17:56:44.291Z"}}, {"model": "experts.expertcategory", "pk": 6, "fields": {"name": "Business & Monetization", "description": "Specialists in podcast business models, sponsorship, and revenue generation", "created_at": "2025-03-26T17:56:44.291Z"}}, {"model": "experts.expertcategory", "pk": 7, "fields": {"name": "Legal & Compliance", "description": "Experts in podcast-related legal matters, copyright, and content compliance", "created_at": "2025-03-26T17:56:44.291Z"}}, {"model": "experts.expertcategory", "pk": 8, "fields": {"name": "Distribution & Platforms", "description": "Specialists in podcast distribution, platform optimization, and analytics", "created_at": "2025-03-26T17:56:44.291Z"}}, {"model": "experts.expertprofile", "pk": 1, "fields": {"user": 6, "name": "Shirin", "bio": "t is a long established fact that a reader will be distracted by the readable content of a page when looking at its layout. The point of using Lorem Ipsum is that it has a more-or-less normal distribution of letters", "expertise": "Web delopment", "experience_years": 55, "website": "http://www.swedcast.net", "social_media": "insta: @swedcast", "profile_picture": "expert_profiles/1600w-yH0O13-I0DU.webp", "is_approved": true, "is_featured": true, "created_at": "2025-03-26T16:22:34.327Z", "categories": [4], "views": [], "bookmarks": []}}, {"model": "experts.expertprofile", "pk": 2, "fields": {"user": 8, "name": "Dr. Sarah Chen", "bio": "AI and Machine Learning expert with 10+ years of experience in developing cutting-edge solutions.", "expertise": "Artificial Intelligence, Machine Learning, Deep Learning", "experience_years": 10, "website": "https://sarahchen.com", "social_media": "{\"linkedin\": \"https://linkedin.com/in/sarahchen\", \"twitter\": \"https://twitter.com/sarahchen\"}", "profile_picture": "expert_profiles/1600w-sMCer0_gtFo.webp", "is_approved": true, "is_featured": true, "created_at": "2025-03-26T17:56:44.299Z", "categories": [3], "views": [], "bookmarks": []}}, {"model": "experts.expertprofile", "pk": 3, "fields": {"user": 9, "name": "Michael Rodriguez", "bio": "Business strategy consultant specializing in digital transformation and innovation.", "expertise": "Business Strategy, Digital Transformation, Innovation", "experience_years": 8, "website": "https://michaelrodriguez.com", "social_media": "{\"linkedin\": \"https://linkedin.com/in/michaelrodriguez\", \"twitter\": \"https://twitter.com/michaelrodriguez\"}", "profile_picture": "expert_profiles/1600w-9JTrLkx-Ppg.webp", "is_approved": true, "is_featured": true, "created_at": "2025-03-26T17:56:44.300Z", "categories": [8], "views": [], "bookmarks": []}}, {"model": "experts.expertprofile", "pk": 4, "fields": {"user": 10, "name": "Dr. Emily Watson", "bio": "Neuroscientist and mental health expert focusing on cognitive development and well-being.", "expertise": "Neuroscience, Mental Health, Cognitive Development", "experience_years": 12, "website": "https://emilywatson.com", "social_media": "{\"linkedin\": \"https://linkedin.com/in/emilywatson\", \"twitter\": \"https://twitter.com/emilywatson\"}", "profile_picture": "expert_profiles/1600w-zt7nHhTf6DA.webp", "is_approved": true, "is_featured": true, "created_at": "2025-03-26T17:56:44.301Z", "categories": [2], "views": [], "bookmarks": []}}, {"model": "experts.expertprofile", "pk": 5, "fields": {"user": 11, "name": "Dr. James Wilson", "bio": "Environmental scientist and sustainability expert with a focus on climate change solutions.", "expertise": "Environmental Science, Sustainability, Climate Change", "experience_years": 15, "website": "https://jameswilson.com", "social_media": "{\"linkedin\": \"https://linkedin.com/in/jameswilson\", \"twitter\": \"https://twitter.com/jameswilson\"}", "profile_picture": "expert_profiles/1600w-nl8Z2wJuI9Q.webp", "is_approved": true, "is_featured": true, "created_at": "2025-03-26T17:56:44.302Z", "categories": [2], "views": [], "bookmarks": []}}, {"model": "experts.expertprofile", "pk": 6, "fields": {"user": 12, "name": "Lisa Thompson", "bio": "Nutrition and wellness expert specializing in personalized health optimization.", "expertise": "Nutrition, Wellness, Health Optimization", "experience_years": 9, "website": "https://lisathompson.com", "social_media": "{\"linkedin\": \"https://linkedin.com/in/lisathompson\", \"twitter\": \"https://twitter.com/lisathompson\"}", "profile_picture": "expert_profiles/1600w-t7S652kGsxU.webp", "is_approved": true, "is_featured": true, "created_at": "2025-03-26T17:56:44.303Z", "categories": [1], "views": [], "bookmarks": []}}, {"model": "experts.expertprofile", "pk": 7, "fields": {"user": 14, "name": "Kamran", "bio": "It is a long established fact that a reader will be distracted by the readable content of a page when looking at its layout.", "expertise": "Web delopment", "experience_years": 5, "website": "http://www.swedcast.net", "social_media": "insta: @swedcast", "profile_picture": "expert_profiles/1600w-tsx4WRQVQac.webp", "is_approved": true, "is_featured": false, "created_at": "2025-05-06T22:59:34.944Z", "categories": [1], "views": [], "bookmarks": []}}, {"model": "experts.expertcomment", "pk": 1, "fields": {"expert": 1, "user": 4, "content": "j.hvj.hv", "parent": null, "created_at": "2025-03-30T19:31:21.604Z", "updated_at": "2025-03-30T19:31:21.604Z"}}, {"model": "experts.expertcomment", "pk": 2, "fields": {"expert": 2, "user": 14, "content": "jhvjhvhvjv", "parent": null, "created_at": "2025-05-09T19:18:31.651Z", "updated_at": "2025-05-09T19:18:31.651Z"}}, {"model": "experts.expertcomment", "pk": 3, "fields": {"expert": 4, "user": 4, "content": "hgfhgcfhmg", "parent": null, "created_at": "2025-05-09T19:49:41.471Z", "updated_at": "2025-05-09T19:49:41.471Z"}}, {"model": "experts.expertcomment", "pk": 4, "fields": {"expert": 4, "user": 4, "content": "kuhgk.jdsb.kcjbkjdw", "parent": null, "created_at": "2025-05-09T20:49:49.102Z", "updated_at": "2025-05-09T20:49:49.102Z"}}, {"model": "experts.expertcomment", "pk": 5, "fields": {"expert": 5, "user": 4, "content": "hgchgdg", "parent": null, "created_at": "2025-05-11T20:46:14.615Z", "updated_at": "2025-05-11T20:46:14.615Z"}}, {"model": "experts.expertreaction", "pk": 9, "fields": {"expert": 5, "user": 4, "reaction_type": "like", "created_at": "2025-03-30T23:41:25.519Z", "updated_at": "2025-05-06T22:25:50.039Z"}}, {"model": "experts.expertreaction", "pk": 10, "fields": {"expert": 1, "user": 4, "reaction_type": "dislike", "created_at": "2025-05-06T22:25:35.254Z", "updated_at": "2025-05-06T22:25:36.239Z"}}, {"model": "experts.expertreaction", "pk": 11, "fields": {"expert": 2, "user": 4, "reaction_type": "like", "created_at": "2025-05-06T22:25:39.110Z", "updated_at": "2025-05-06T22:25:43.478Z"}}, {"model": "experts.expertreaction", "pk": 12, "fields": {"expert": 3, "user": 4, "reaction_type": "like", "created_at": "2025-05-06T22:25:45.616Z", "updated_at": "2025-05-06T22:25:46.682Z"}}, {"model": "experts.expertreaction", "pk": 13, "fields": {"expert": 4, "user": 4, "reaction_type": "like", "created_at": "2025-05-06T22:25:47.840Z", "updated_at": "2025-05-06T22:25:47.840Z"}}, {"model": "experts.expertreaction", "pk": 14, "fields": {"expert": 6, "user": 4, "reaction_type": "like", "created_at": "2025-05-06T22:25:51.652Z", "updated_at": "2025-05-06T22:25:51.652Z"}}, {"model": "experts.expertreaction", "pk": 15, "fields": {"expert": 1, "user": 14, "reaction_type": "like", "created_at": "2025-05-09T19:15:04.280Z", "updated_at": "2025-05-09T19:15:04.280Z"}}, {"model": "experts.expertreaction", "pk": 18, "fields": {"expert": 2, "user": 14, "reaction_type": "like", "created_at": "2025-05-09T19:19:32.980Z", "updated_at": "2025-05-09T19:19:32.980Z"}}, {"model": "experts.expertreaction", "pk": 19, "fields": {"expert": 7, "user": 14, "reaction_type": "like", "created_at": "2025-05-09T19:24:51.935Z", "updated_at": "2025-05-09T19:24:51.935Z"}}, {"model": "podcasts.category", "pk": 1, "fields": {"name": "Technology", "slug": "technology", "description": "Tech news, reviews, and discussions"}}, {"model": "podcasts.category", "pk": 2, "fields": {"name": "Business", "slug": "business", "description": "Business news, entrepreneurship, and finance"}}, {"model": "podcasts.category", "pk": 3, "fields": {"name": "Science", "slug": "science", "description": "Scientific discoveries and discussions"}}, {"model": "podcasts.category", "pk": 4, "fields": {"name": "Health & Wellness", "slug": "health-wellness", "description": "Health, fitness, and mental wellness"}}, {"model": "podcasts.category", "pk": 5, "fields": {"name": "Education", "slug": "education", "description": "Educational content and learning"}}, {"model": "podcasts.category", "pk": 6, "fields": {"name": "Entertainment", "slug": "entertainment", "description": "Movies, TV shows, and pop culture"}}, {"model": "podcasts.category", "pk": 7, "fields": {"name": "News & Politics", "slug": "news-politics", "description": "Current events and political discussions"}}, {"model": "podcasts.category", "pk": 8, "fields": {"name": "Sports", "slug": "sports", "description": "Sports news, analysis, and commentary"}}, {"model": "podcasts.category", "pk": 9, "fields": {"name": "Music", "slug": "music", "description": "Music reviews, interviews, and industry news"}}, {"model": "podcasts.category", "pk": 10, "fields": {"name": "Arts & Culture", "slug": "arts-culture", "description": "Art, literature, and cultural topics"}}, {"model": "podcasts.category", "pk": 11, "fields": {"name": "History", "slug": "history", "description": "Historical events and stories"}}, {"model": "podcasts.category", "pk": 12, "fields": {"name": "True Crime", "slug": "true-crime", "description": "True crime stories and investigations"}}, {"model": "podcasts.category", "pk": 13, "fields": {"name": "Comedy", "slug": "comedy", "description": "Comedy shows and humor"}}, {"model": "podcasts.category", "pk": 14, "fields": {"name": "Society", "slug": "society", "description": "Social issues and cultural commentary"}}, {"model": "podcasts.category", "pk": 15, "fields": {"name": "Religion & Spirituality", "slug": "religion-spirituality", "description": "Religious and spiritual content"}}, {"model": "podcasts.category", "pk": 16, "fields": {"name": "Family & Kids", "slug": "family-kids", "description": "Family-friendly and children's content"}}, {"model": "podcasts.category", "pk": 17, "fields": {"name": "Food & Cooking", "slug": "food-cooking", "description": "Cooking tips, recipes, and food culture"}}, {"model": "podcasts.category", "pk": 18, "fields": {"name": "Travel", "slug": "travel", "description": "Travel stories, tips, and destinations"}}, {"model": "podcasts.category", "pk": 19, "fields": {"name": "Personal Development", "slug": "personal-development", "description": "Self-improvement and motivation"}}, {"model": "podcasts.category", "pk": 20, "fields": {"name": "Career", "slug": "career", "description": "Career advice and professional development"}}, {"model": "podcasts.category", "pk": 21, "fields": {"name": "Health", "slug": "health", "description": ""}}, {"model": "podcasts.category", "pk": 22, "fields": {"name": "News", "slug": "news", "description": ""}}, {"model": "podcasts.category", "pk": 23, "fields": {"name": "Arts", "slug": "arts", "description": ""}}, {"model": "podcasts.category", "pk": 24, "fields": {"name": "Lifestyle", "slug": "lifestyle", "description": ""}}, {"model": "podcasts.podcasterprofile", "pk": 1, "fields": {"user": 2, "bio": "Test podcaster profile", "website": "", "social_links": {}, "created_at": "2025-03-25T17:26:28.726Z", "updated_at": "2025-03-25T17:26:28.726Z"}}, {"model": "podcasts.podcasterprofile", "pk": 2, "fields": {"user": 4, "bio": "", "website": "", "social_links": {}, "created_at": "2025-03-26T16:53:13.690Z", "updated_at": "2025-03-26T16:53:13.690Z"}}, {"model": "podcasts.podcast", "pk": 1, "fields": {"title": "Test Podcast", "description": "A test podcast for development", "owner": 1, "category": 1, "image": "podcast_images/1600w-mbg97WZLJoQ.webp", "link": null, "is_approved": true, "is_featured": true, "created_at": "2025-03-25T17:26:28.728Z", "updated_at": "2025-05-09T23:36:11.689Z"}}, {"model": "podcasts.podcast", "pk": 2, "fields": {"title": "SWEDCAST", "description": "t is a long established fact that a reader will be distracted by the readable content of a page when looking at its layout. The point of using Lorem Ipsum is that it has a more-or-less normal distribution of letters", "owner": 2, "category": null, "image": "podcast_images/400w-SXTlK3VTou4.webp", "link": "http://www.swedcast.net", "is_approved": true, "is_featured": true, "created_at": "2025-03-26T16:53:13.693Z", "updated_at": "2025-05-09T23:30:58.966Z"}}, {"model": "podcasts.podcast", "pk": 3, "fields": {"title": "Tech Talk Daily", "description": "Daily insights into the latest technology trends, innovations, and industry news", "owner": 1, "category": 1, "image": "podcast_images/400w-EEpz_oOmboc.webp", "link": "https://techtalkdaily.com", "is_approved": true, "is_featured": true, "created_at": "2025-03-26T17:56:44.290Z", "updated_at": "2025-05-09T23:31:10.646Z"}}, {"model": "podcasts.podcast", "pk": 4, "fields": {"title": "Business Insights", "description": "Expert analysis of business trends, entrepreneurship, and market strategies", "owner": 1, "category": 2, "image": "podcast_images/400w-f06YzKd3ELY.webp", "link": "https://businessinsights.com", "is_approved": true, "is_featured": true, "created_at": "2025-03-26T17:56:44.291Z", "updated_at": "2025-05-09T23:31:19.127Z"}}, {"model": "podcasts.podcast", "pk": 5, "fields": {"title": "Science Today", "description": "Exploring the latest scientific discoveries and their impact on our world", "owner": 2, "category": 3, "image": "podcast_images/1600w-1CXHeZv2SEo.webp", "link": "https://sciencetoday.com", "is_approved": true, "is_featured": true, "created_at": "2025-03-26T17:56:44.292Z", "updated_at": "2025-05-09T23:33:27.149Z"}}, {"model": "podcasts.podcast", "pk": 6, "fields": {"title": "Health & Wellness Weekly", "description": "Tips and advice for maintaining a healthy lifestyle and mental well-being", "owner": 2, "category": 4, "image": "podcast_images/1600w-yRFANpgVpWA.webp", "link": "https://healthwellnessweekly.com", "is_approved": true, "is_featured": true, "created_at": "2025-03-26T17:56:44.293Z", "updated_at": "2025-05-09T23:33:38.336Z"}}, {"model": "podcasts.podcast", "pk": 7, "fields": {"title": "The sound", "description": "It is a long established fact that a reader will be distracted by the readable content of a page when looking at its layout.", "owner": 2, "category": 4, "image": "podcast_images/400w-wLrj65aqZFA.webp", "link": "http://www.swedcast.net", "is_approved": true, "is_featured": false, "created_at": "2025-05-06T22:34:08.633Z", "updated_at": "2025-05-09T23:34:07.428Z"}}, {"model": "podcasts.podcast", "pk": 8, "fields": {"title": "The communication", "description": "It is a long established fact that a reader will be distracted by the readable content of a page when looking at its layout.", "owner": 2, "category": 7, "image": "podcast_images/1600w-W6ZdA3jRe-w.webp", "link": "http://www.swedcast.net", "is_approved": true, "is_featured": false, "created_at": "2025-05-09T19:38:23.935Z", "updated_at": "2025-05-09T23:35:37.187Z"}}, {"model": "podcasts.podcastcomment", "pk": 1, "fields": {"podcast": 5, "user": 4, "content": "jgcfhmgc", "parent": null, "created_at": "2025-05-09T19:49:25.575Z", "updated_at": "2025-05-09T19:49:25.575Z"}}, {"model": "podcasts.podcastcomment", "pk": 2, "fields": {"podcast": 8, "user": 4, "content": "jhvjhgödsGIUKJHBFS", "parent": null, "created_at": "2025-05-09T20:50:00.854Z", "updated_at": "2025-05-09T20:50:00.854Z"}}, {"model": "podcasts.podcastcomment", "pk": 3, "fields": {"podcast": 2, "user": 4, "content": "ghchgchmgc", "parent": null, "created_at": "2025-05-11T20:45:54.647Z", "updated_at": "2025-05-11T20:45:54.647Z"}}, {"model": "podcasts.podcastlike", "pk": 1, "fields": {"podcast": 3, "user": 4, "created_at": "2025-03-30T23:39:20.154Z"}}, {"model": "podcasts.podcastlike", "pk": 2, "fields": {"podcast": 2, "user": 4, "created_at": "2025-03-30T23:39:42.561Z"}}, {"model": "podcasts.podcastlike", "pk": 7, "fields": {"podcast": 4, "user": 4, "created_at": "2025-03-30T23:47:08.416Z"}}, {"model": "podcasts.podcastlike", "pk": 9, "fields": {"podcast": 7, "user": 14, "created_at": "2025-05-09T19:10:55.575Z"}}, {"model": "podcasts.podcastlike", "pk": 10, "fields": {"podcast": 6, "user": 14, "created_at": "2025-05-09T19:11:40.942Z"}}, {"model": "user_messages.message", "pk": 1, "fields": {"sender": 1, "receiver": 2, "content": "Hi, I'm interested in having you as a guest on my podcast. Would you be available for a discussion about technology trends?", "timestamp": "2025-03-26T10:00:00Z", "is_read": true, "read_at": "2025-03-26T10:05:00Z", "attachment": "", "attachment_name": null, "attachment_type": null}}, {"model": "user_messages.message", "pk": 2, "fields": {"sender": 2, "receiver": 1, "content": "Thank you for reaching out! I'd be happy to discuss technology trends on your podcast. What specific topics would you like to cover?", "timestamp": "2025-03-26T10:10:00Z", "is_read": true, "read_at": "2025-03-26T10:15:00Z", "attachment": "", "attachment_name": null, "attachment_type": null}}, {"model": "user_messages.message", "pk": 3, "fields": {"sender": 4, "receiver": 6, "content": "Hello! I saw your profile and would love to have you share your expertise on AI and machine learning on my podcast.", "timestamp": "2025-03-26T11:00:00Z", "is_read": false, "read_at": null, "attachment": "", "attachment_name": null, "attachment_type": null}}, {"model": "user_messages.message", "pk": 4, "fields": {"sender": 6, "receiver": 4, "content": "Hi! Thanks for the invitation. I'd be interested in discussing AI applications in various industries. When were you thinking of recording?", "timestamp": "2025-03-26T11:30:00Z", "is_read": true, "read_at": "2025-03-26T11:35:00Z", "attachment": "", "attachment_name": null, "attachment_type": null}}, {"model": "user_messages.message", "pk": 5, "fields": {"sender": 8, "receiver": 9, "content": "Hi there! I'm working on a series about environmental sustainability. Would you be interested in sharing your insights?", "timestamp": "2025-03-26T12:00:00Z", "is_read": true, "read_at": "2025-03-26T12:05:00Z", "attachment": "", "attachment_name": null, "attachment_type": null}}, {"model": "user_messages.message", "pk": 6, "fields": {"sender": 9, "receiver": 8, "content": "That sounds interesting! I'd love to discuss environmental sustainability. What aspects would you like to focus on?", "timestamp": "2025-03-26T12:10:00Z", "is_read": false, "read_at": null, "attachment": "", "attachment_name": null, "attachment_type": null}}, {"model": "user_messages.message", "pk": 7, "fields": {"sender": 1, "receiver": 4, "content": "Hello! I noticed you're an expert in quantum computing. Would you be interested in collaborating on a podcast series?", "timestamp": "2025-03-26T13:00:00Z", "is_read": true, "read_at": "2025-03-30T19:55:46.891Z", "attachment": "", "attachment_name": null, "attachment_type": null}}, {"model": "user_messages.message", "pk": 8, "fields": {"sender": 6, "receiver": 4, "content": "I have some experience with quantum computing and would love to discuss it on your podcast. What specific aspects would you like to cover?", "timestamp": "2025-03-26T13:30:00Z", "is_read": true, "read_at": "2025-03-26T13:35:00Z", "attachment": "", "attachment_name": null, "attachment_type": null}}, {"model": "user_messages.message", "pk": 9, "fields": {"sender": 4, "receiver": 6, "content": "That's great! I'd love to focus on quantum computing applications in cryptography and data security. When would you be available?", "timestamp": "2025-03-26T13:45:00Z", "is_read": false, "read_at": null, "attachment": "", "attachment_name": null, "attachment_type": null}}, {"model": "user_messages.message", "pk": 10, "fields": {"sender": 10, "receiver": 11, "content": "Hi! I'm interested in discussing mental health and cognitive development on your podcast. Would you be interested?", "timestamp": "2025-03-26T14:00:00Z", "is_read": true, "read_at": "2025-03-26T14:05:00Z", "attachment": "", "attachment_name": null, "attachment_type": null}}, {"model": "user_messages.message", "pk": 11, "fields": {"sender": 11, "receiver": 10, "content": "Absolutely! I'd love to discuss the connection between environmental factors and mental health. What topics would you like to focus on?", "timestamp": "2025-03-26T14:15:00Z", "is_read": false, "read_at": null, "attachment": "", "attachment_name": null, "attachment_type": null}}, {"model": "user_messages.message", "pk": 12, "fields": {"sender": 12, "receiver": 8, "content": "Hello! I noticed your expertise in AI and would love to discuss the intersection of technology and health optimization. Are you interested?", "timestamp": "2025-03-26T14:30:00Z", "is_read": true, "read_at": "2025-03-26T14:35:00Z", "attachment": "", "attachment_name": null, "attachment_type": null}}, {"model": "user_messages.message", "pk": 13, "fields": {"sender": 8, "receiver": 12, "content": "That's an interesting topic! I'd be happy to discuss how AI can help optimize health and wellness. When would you like to record?", "timestamp": "2025-03-26T14:45:00Z", "is_read": false, "read_at": null, "attachment": "", "attachment_name": null, "attachment_type": null}}, {"model": "user_messages.message", "pk": 14, "fields": {"sender": 9, "receiver": 10, "content": "Hi! I'd love to discuss how business strategy can impact environmental sustainability. Would you be interested in collaborating?", "timestamp": "2025-03-26T15:00:00Z", "is_read": true, "read_at": "2025-03-26T15:05:00Z", "attachment": "", "attachment_name": null, "attachment_type": null}}, {"model": "user_messages.message", "pk": 15, "fields": {"sender": 10, "receiver": 9, "content": "That's a fascinating topic! I'd be happy to discuss the psychological aspects of sustainable business practices. What specific areas would you like to cover?", "timestamp": "2025-03-26T15:15:00Z", "is_read": false, "read_at": null, "attachment": "", "attachment_name": null, "attachment_type": null}}, {"model": "user_messages.message", "pk": 16, "fields": {"sender": 6, "receiver": 8, "content": "Hi! I noticed you're working on AI and health optimization. I'd love to collaborate on a podcast series about the future of healthcare technology.", "timestamp": "2025-03-26T15:30:00Z", "is_read": true, "read_at": "2025-03-26T15:35:00Z", "attachment": "", "attachment_name": null, "attachment_type": null}}, {"model": "user_messages.message", "pk": 17, "fields": {"sender": 8, "receiver": 6, "content": "That's a great idea! We could cover topics like AI in diagnostics, personalized medicine, and healthcare automation. Would you like to start with a pilot episode?", "timestamp": "2025-03-26T15:45:00Z", "is_read": false, "read_at": null, "attachment": "", "attachment_name": null, "attachment_type": null}}, {"model": "user_messages.message", "pk": 18, "fields": {"sender": 6, "receiver": 8, "content": "Absolutely! I have some interesting case studies we could discuss. When would you be available for a planning session?", "timestamp": "2025-03-26T16:00:00Z", "is_read": true, "read_at": "2025-03-26T16:05:00Z", "attachment": "", "attachment_name": null, "attachment_type": null}}, {"model": "user_messages.message", "pk": 19, "fields": {"sender": 11, "receiver": 12, "content": "Hello! I saw your expertise in nutrition and wellness. Would you be interested in discussing sustainable food systems and their impact on health?", "timestamp": "2025-03-26T16:15:00Z", "is_read": true, "read_at": "2025-03-26T16:20:00Z", "attachment": "", "attachment_name": null, "attachment_type": null}}, {"model": "user_messages.message", "pk": 20, "fields": {"sender": 12, "receiver": 11, "content": "That's a fascinating topic! I'd love to explore how environmental sustainability affects nutrition and public health. What specific aspects would you like to focus on?", "timestamp": "2025-03-26T16:30:00Z", "is_read": false, "read_at": null, "attachment": "", "attachment_name": null, "attachment_type": null}}, {"model": "user_messages.message", "pk": 21, "fields": {"sender": 9, "receiver": 4, "content": "Hi! I'm interested in discussing how business strategy can drive technological innovation. Would you be interested in collaborating on a podcast series?", "timestamp": "2025-03-26T16:45:00Z", "is_read": true, "read_at": "2025-03-26T16:50:00Z", "attachment": "", "attachment_name": null, "attachment_type": null}}, {"model": "user_messages.message", "pk": 22, "fields": {"sender": 4, "receiver": 9, "content": "That sounds interesting! We could explore how companies are leveraging technology for competitive advantage. What industries would you like to focus on?", "timestamp": "2025-03-26T17:00:00Z", "is_read": false, "read_at": null, "attachment": "", "attachment_name": null, "attachment_type": null}}, {"model": "user_messages.message", "pk": 23, "fields": {"sender": 10, "receiver": 8, "content": "Hello! I'm interested in discussing the intersection of mental health and technology. Would you be interested in exploring this topic on your podcast?", "timestamp": "2025-03-26T17:15:00Z", "is_read": true, "read_at": "2025-03-26T17:20:00Z", "attachment": "", "attachment_name": null, "attachment_type": null}}, {"model": "user_messages.message", "pk": 24, "fields": {"sender": 8, "receiver": 10, "content": "That's a great topic! We could discuss how AI and digital tools are transforming mental health care. When would you like to start planning?", "timestamp": "2025-03-26T17:30:00Z", "is_read": false, "read_at": null, "attachment": "", "attachment_name": null, "attachment_type": null}}, {"model": "user_messages.message", "pk": 25, "fields": {"sender": 12, "receiver": 9, "content": "Hi! I'd love to discuss how sustainable business practices can improve employee wellness. Would you be interested in collaborating?", "timestamp": "2025-03-26T17:45:00Z", "is_read": true, "read_at": "2025-03-26T17:50:00Z", "attachment": "", "attachment_name": null, "attachment_type": null}}, {"model": "user_messages.message", "pk": 26, "fields": {"sender": 9, "receiver": 12, "content": "Absolutely! We could explore how companies are integrating wellness programs with sustainability initiatives. What specific aspects would you like to cover?", "timestamp": "2025-03-26T18:00:00Z", "is_read": false, "read_at": null, "attachment": "", "attachment_name": null, "attachment_type": null}}, {"model": "user_messages.message", "pk": 27, "fields": {"sender": 4, "receiver": 1, "content": "hi", "timestamp": "2025-03-30T19:56:01.396Z", "is_read": false, "read_at": null, "attachment": "", "attachment_name": null, "attachment_type": null}}]